Date,Total Doses - Daily,Total Doses - Cumulative,1st Dose - Daily,1st Dose - Cumulative,1st Dose - Percent Population,Vaccine Series Completed - Daily,Vaccine Series Completed - Cumulative,Vaccine Series Completed - Percent Population,Total Doses - Daily - Age 0-17,Total Doses - Daily - Age 18-29,Total Doses - Daily - Age 30-39,Total Doses - Daily - Age 40-49,Total Doses - Daily - Age 50-59,Total Doses - Daily - Age 60-69,Total Doses - Daily - Age 70-79,Total Doses - Daily - Age 80+,Total Doses - Daily - Age 12-17,Total Doses - Daily - Age 18+,Total Doses - Daily - Age 65+,Total Doses - Daily - Age 75+,Total Doses - Daily - Unknown Age,Total Doses - Daily - Female,Total Doses - Daily - Male,Total Doses - Daily - Unknown Gender,Total Doses - Daily - Latinx,Total Doses - Daily - Asian Non-Latinx,Total Doses - Daily - Black Non-Latinx,Total Doses - Daily - White Non-Latinx,Total Doses - Daily - American Indian/Alaska Native Non-Latinx,Total Doses - Daily - Pacific Islander/Hawaiian Native Non-Latinx,Total Doses - Daily - Other Non-Latinx,Total Doses - Daily - Unknown Race/Ethnicity,1st Dose - Daily - Age 0-17,1st Dose - Daily - Age 18-29,1st Dose - Daily - Age 30-39,1st Dose - Daily - Age 40-49,1st Dose - Daily - Age 50-59,1st Dose - Daily - Age 60-69,1st Dose - Daily - Age 70-79,1st Dose - Daily -  Age 80+,1st Dose - Daily - Age 12-17,1st Dose - Daily - Age 18+,1st Dose - Daily - Age 65+,1st Dose - Daily - Age 75+,1st Dose - Daily - Unknown Age,1st Dose - Daily - Female,1st Dose - Daily - Male,1st Dose - Daily - Unknown Gender,1st Dose - Daily - Latinx,1st Dose - Daily - Asian Non-Latinx,1st Dose - Daily - Black Non-Latinx,1st Dose - Daily - White Non-Latinx,1st Dose - Daily - American Indian/Alaska Native Non-Latinx,1st Dose - Daily - Pacific Islander/Hawaiian Native Non-Latinx,1st Dose - Daily - Other Race Non-Latinx,1st Dose - Daily - Unknown Race/Ethnicity,Vaccine Series Completed - Daily - Age 0-17,Vaccine Series Completed - Daily - Age 18-29,Vaccine Series Completed - Daily - Age 30-39,Vaccine Series Completed - Daily - Age 40-49,Vaccine Series Completed - Daily - Age 50-59,Vaccine Series Completed - Daily - Age 60-69,Vaccine Series Completed - Daily - Age 70-79,Vaccine Series Completed - Daily - Age 80+,Vaccine Series Completed - Daily - Age 12-17,Vaccine Series Completed - Daily - Age 18+,Vaccine Series Completed - Daily - Age 65+,Vaccine Series Completed - Daily - Age 75+,Vaccine Series Completed - Daily - Unknown Age,Vaccine Series Completed - Daily - Female,Vaccine Series Completed - Daily - Male,Vaccine Series Completed - Daily - Unknown Gender,Vaccine Series Completed - Daily - Latinx,Vaccine Series Completed - Daily - Asian Non-Latinx,Vaccine Series Completed - Daily - Black Non-Latinx,Vaccine Series Completed - Daily - White Non-Latinx,Vaccine Series Completed - Daily - American Indian/Alaska Native Non-Latinx,Vaccine Series Completed - Daily - Pacific Islander/Hawaiian Native Non-Latinx,Vaccine Series Completed - Daily - Other Race Non-Latinx,Vaccine Series Completed - Daily - Unknown Race/Ethnicity
12/15/2020,9,9,9,9,0,0,0,0,0,0,3,2,4,0,0,0,0,9,0,0,0,6,3,0,0,0,2,4,0,0,2,1,0,0,3,2,4,0,0,0,0,9,0,0,0,6,3,0,0,0,2,4,0,0,2,1,0,0,0,0,0,0,0,0,0,0,0,0,0,0,0,0,0,0,0,0,0,0,0,0
06/11/2021,5664,2604907,1765,1438271,0.534,4078,1241347,0.461,1601,1011,884,791,699,457,149,72,1601,4063,402,127,0,2977,2669,18,2010,299,1614,976,12,9,539,205,465,333,284,265,225,133,40,20,465,1300,116,34,0,943,818,4,681,87,556,231,3,1,145,61,1136,715,645,560,513,338,116,55,1136,2942,299,100,0,2099,1964,15,1375,220,1102,796,9,8,411,157
06/12/2021,6908,2611815,2091,1440362,0.535,4997,1246344,0.463,2598,1275,971,832,695,365,132,40,2598,4310,301,92,0,3559,3341,8,2804,488,1507,1363,38,6,472,230,586,465,320,312,232,126,38,12,586,1505,103,25,0,1080,1010,1,895,136,503,309,11,2,138,97,2012,857,695,555,494,257,96,31,2012,2985,211,70,0,2553,2437,7,1992,357,1038,1084,27,4,342,153
06/13/2021,1469,2613284,461,1440823,0.535,1104,1247448,0.463,589,246,186,183,154,74,27,10,589,880,64,23,0,769,699,1,519,117,298,366,2,0,89,78,134,76,72,80,63,20,13,3,134,327,24,8,0,219,242,0,214,26,86,69,0,0,35,31,455,193,140,122,107,61,19,7,455,649,47,19,0,590,513,1,348,94,224,319,2,0,64,53
12/21/2020,4349,16717,4349,16717,0.006,0,0,0,1,1197,1627,663,500,299,56,6,1,4348,175,26,0,2765,1353,231,347,563,325,2163,11,15,213,712,1,1197,1627,663,500,299,56,6,1,4348,175,26,0,2765,1353,231,347,563,325,2163,11,15,213,712,0,0,0,0,0,0,0,0,0,0,0,0,0,0,0,0,0,0,0,0,0,0,0,0
12/22/2020,3621,20338,3621,20338,0.008,0,0,0,1,966,1333,569,427,265,50,10,1,3620,152,31,0,2386,1160,75,337,499,339,1846,5,12,166,417,1,966,1333,569,427,265,50,10,1,3620,152,31,0,2386,1160,75,337,499,339,1846,5,12,166,417,0,0,0,0,0,0,0,0,0,0,0,0,0,0,0,0,0,0,0,0,0,0,0,0
12/23/2020,2775,23113,2775,23113,0.009,0,0,0,0,687,955,463,392,225,46,7,0,2775,115,22,0,1805,935,35,328,406,347,1316,8,11,115,244,0,687,955,463,392,225,46,7,0,2775,115,22,0,1805,935,35,328,406,347,1316,8,11,115,244,0,0,0,0,0,0,0,0,0,0,0,0,0,0,0,0,0,0,0,0,0,0,0,0
12/24/2020,963,24076,963,24076,0.009,0,0,0,1,217,324,152,136,90,21,22,1,962,74,29,0,601,349,13,98,141,136,445,3,4,45,91,1,217,324,152,136,90,21,22,1,962,74,29,0,601,349,13,98,141,136,445,3,4,45,91,0,0,0,0,0,0,0,0,0,0,0,0,0,0,0,0,0,0,0,0,0,0,0,0
12/25/2020,3,24079,3,24079,0.009,0,0,0,0,1,1,0,0,0,1,0,0,3,1,0,0,1,2,0,0,1,0,2,0,0,0,0,0,1,1,0,0,0,1,0,0,3,1,0,0,1,2,0,0,1,0,2,0,0,0,0,0,0,0,0,0,0,0,0,0,0,0,0,0,0,0,0,0,0,0,0,0,0,0,0
12/26/2020,480,24559,480,24559,0.009,0,0,0,0,132,170,67,56,45,8,2,0,480,27,6,0,347,128,5,30,59,25,295,0,1,17,53,0,132,170,67,56,45,8,2,0,480,27,6,0,347,128,5,30,59,25,295,0,1,17,53,0,0,0,0,0,0,0,0,0,0,0,0,0,0,0,0,0,0,0,0,0,0,0,0
12/27/2020,11,24570,11,24570,0.009,0,0,0,0,3,5,1,2,0,0,0,0,11,0,0,0,5,6,0,1,1,1,8,0,0,0,0,0,3,5,1,2,0,0,0,0,11,0,0,0,5,6,0,1,1,1,8,0,0,0,0,0,0,0,0,0,0,0,0,0,0,0,0,0,0,0,0,0,0,0,0,0,0,0,0
12/28/2020,2364,26934,2364,26934,0.01,0,0,0,1,410,659,390,402,306,113,83,1,2363,327,131,0,1515,780,69,261,219,508,913,6,5,127,325,1,410,659,390,402,306,113,83,1,2363,327,131,0,1515,780,69,261,219,508,913,6,5,127,325,0,0,0,0,0,0,0,0,0,0,0,0,0,0,0,0,0,0,0,0,0,0,0,0
12/29/2020,4235,31169,4235,31169,0.012,0,0,0,0,870,1142,750,646,563,164,100,0,4235,486,165,0,2725,1460,50,561,394,717,1874,13,12,232,432,0,870,1142,750,646,563,164,100,0,4235,486,165,0,2725,1460,50,561,394,717,1874,13,12,232,432,0,0,0,0,0,0,0,0,0,0,0,0,0,0,0,0,0,0,0,0,0,0,0,0
12/30/2020,4981,36150,4981,36150,0.013,0,0,0,2,1150,1248,809,775,597,223,177,2,4979,644,270,0,3257,1675,49,671,538,814,2181,14,26,216,521,2,1150,1248,809,775,597,223,177,2,4979,644,270,0,3257,1675,49,671,538,814,2181,14,26,216,521,0,0,0,0,0,0,0,0,0,0,0,0,0,0,0,0,0,0,0,0,0,0,0,0
12/31/2020,1983,38133,1983,38133,0.014,0,0,0,0,581,527,368,285,174,41,7,0,1983,115,26,0,1285,696,2,254,264,265,897,4,6,94,199,0,581,527,368,285,174,41,7,0,1983,115,26,0,1285,696,2,254,264,265,897,4,6,94,199,0,0,0,0,0,0,0,0,0,0,0,0,0,0,0,0,0,0,0,0,0,0,0,0
01/01/2021,170,38303,170,38303,0.014,0,0,0,0,50,36,33,25,11,10,5,0,170,21,10,0,109,61,0,11,6,8,78,1,2,19,45,0,50,36,33,25,11,10,5,0,170,21,10,0,109,61,0,11,6,8,78,1,2,19,45,0,0,0,0,0,0,0,0,0,0,0,0,0,0,0,0,0,0,0,0,0,0,0,0
01/08/2021,9154,68610,3779,58641,0.022,5375,9969,0.004,2,2067,2854,1435,1193,852,374,376,2,9151,1085,536,1,5596,3062,496,721,1011,1117,4466,26,29,524,1260,1,729,787,529,583,487,291,371,1,3777,872,506,1,2313,1339,127,399,320,790,1580,14,14,200,462,1,1338,2067,906,610,365,83,5,1,5374,213,30,0,3283,1723,369,322,691,327,2886,12,15,324,798
12/16/2020,150,159,150,159,0,0,0,0,0,23,55,35,17,19,1,0,0,150,8,0,0,80,66,4,18,27,11,60,0,1,9,24,0,23,55,35,17,19,1,0,0,150,8,0,0,80,66,4,18,27,11,60,0,1,9,24,0,0,0,0,0,0,0,0,0,0,0,0,0,0,0,0,0,0,0,0,0,0,0,0
12/17/2020,1993,2152,1993,2152,0.001,0,0,0,0,497,808,319,223,117,26,3,0,1993,68,10,0,1126,763,104,118,247,175,1069,7,5,110,262,0,497,808,319,223,117,26,3,0,1993,68,10,0,1126,763,104,118,247,175,1069,7,5,110,262,0,0,0,0,0,0,0,0,0,0,0,0,0,0,0,0,0,0,0,0,0,0,0,0
12/18/2020,5792,7944,5792,7944,0.003,0,0,0,0,1447,2224,971,648,419,72,11,0,5792,229,36,0,3485,1942,365,382,796,354,3030,18,19,346,847,0,1447,2224,971,648,419,72,11,0,5792,229,36,0,3485,1942,365,382,796,354,3030,18,19,346,847,0,0,0,0,0,0,0,0,0,0,0,0,0,0,0,0,0,0,0,0,0,0,0,0
12/19/2020,3498,11442,3498,11442,0.004,0,0,0,0,821,1366,585,425,264,33,4,0,3498,132,9,0,2190,1140,168,227,439,213,1873,10,8,237,491,0,821,1366,585,425,264,33,4,0,3498,132,9,0,2190,1140,168,227,439,213,1873,10,8,237,491,0,0,0,0,0,0,0,0,0,0,0,0,0,0,0,0,0,0,0,0,0,0,0,0
12/20/2020,926,12368,926,12368,0.005,0,0,0,0,221,335,185,121,56,7,1,0,926,22,2,0,612,311,3,43,112,66,551,4,4,32,114,0,221,335,185,121,56,7,1,0,926,22,2,0,612,311,3,43,112,66,551,4,4,32,114,0,0,0,0,0,0,0,0,0,0,0,0,0,0,0,0,0,0,0,0,0,0,0,0
01/02/2021,1502,39805,1502,39805,0.015,0,0,0,1,272,325,184,200,157,111,252,1,1501,429,301,0,1051,451,0,131,101,160,843,2,3,100,162,1,272,325,184,200,157,111,252,1,1501,429,301,0,1051,451,0,131,101,160,843,2,3,100,162,0,0,0,0,0,0,0,0,0,0,0,0,0,0,0,0,0,0,0,0,0,0,0,0
01/03/2021,1098,40903,1073,40878,0.015,25,25,0,0,284,281,174,133,82,58,86,0,1098,176,111,0,706,387,5,82,174,116,499,5,2,57,163,0,280,272,170,131,80,55,85,0,1073,172,109,0,697,371,5,81,172,114,484,5,2,55,160,0,4,9,4,2,2,3,1,0,25,4,2,0,9,16,0,1,2,2,15,0,0,2,3
01/04/2021,3708,44611,3476,44354,0.016,232,257,0,0,941,914,556,563,414,147,173,0,3708,475,220,0,2347,1310,51,449,456,583,1600,11,13,203,393,0,880,818,518,539,402,147,172,0,3476,470,219,0,2204,1221,51,434,427,556,1468,11,11,192,377,0,61,96,38,24,12,0,1,0,232,5,1,0,143,89,0,15,29,27,132,0,2,11,16
01/05/2021,4621,49232,4317,48671,0.018,304,561,0,3,1202,1267,752,615,533,157,91,3,4617,479,138,1,2877,1611,133,455,460,775,2005,16,24,239,647,3,1137,1144,706,573,507,155,91,3,4313,464,136,1,2684,1503,130,434,417,747,1843,14,23,233,606,0,65,123,46,42,26,2,0,0,304,15,2,0,193,108,3,21,43,28,162,2,1,6,41
01/06/2021,4015,53247,3254,51925,0.019,761,1322,0,0,799,987,658,678,581,198,114,0,4015,537,180,0,2422,1575,18,449,444,839,1588,15,16,185,479,0,645,725,521,569,499,187,108,0,3254,496,173,0,1955,1294,5,385,340,767,1201,12,15,146,388,0,154,262,137,109,82,11,6,0,761,41,7,0,467,281,13,64,104,72,387,3,1,39,91
01/07/2021,6209,59456,2937,54862,0.02,3272,4594,0.002,2,1417,2045,1073,919,569,145,39,2,6207,387,89,0,3716,2326,167,534,653,784,3126,24,16,294,778,2,695,786,508,513,302,98,33,2,2935,238,64,0,1815,1111,11,329,247,532,1395,9,8,114,303,0,722,1259,565,406,267,47,6,0,3272,149,25,0,1901,1215,156,205,406,252,1731,15,8,180,475
01/09/2021,4216,72826,1464,60105,0.022,2752,12721,0.005,0,1062,1518,658,481,309,94,94,0,4216,308,132,0,2726,1362,128,359,532,448,2075,15,12,250,525,0,355,362,224,197,163,72,91,0,1464,231,124,0,1012,439,13,180,163,291,603,7,3,62,155,0,707,1156,434,284,146,22,3,0,2752,77,8,0,1714,923,115,179,369,157,1472,8,9,188,370
01/10/2021,1648,74474,867,60972,0.023,781,13502,0.005,0,359,416,214,205,190,81,183,0,1648,343,217,0,1102,545,1,107,171,182,929,5,6,95,153,0,130,122,90,118,146,79,182,0,867,332,216,0,551,315,1,61,62,112,481,3,4,74,70,0,229,294,124,87,44,2,1,0,781,11,1,0,551,230,0,46,109,70,448,2,2,21,83
01/11/2021,5877,80351,2136,63108,0.023,3741,17243,0.006,0,1448,1907,858,726,574,200,164,0,5877,615,242,0,3618,1835,424,523,743,657,2724,18,25,288,899,0,387,461,309,330,326,163,160,0,2136,479,226,0,1265,665,206,222,249,399,898,9,11,90,258,0,1061,1446,549,396,248,37,4,0,3741,136,16,0,2353,1170,218,301,494,258,1826,9,14,198,641
01/12/2021,6860,87211,3783,66891,0.025,3077,20320,0.008,2,1553,1943,1110,990,764,305,192,2,6857,836,309,1,4324,2249,287,775,763,1054,3237,15,17,322,677,2,749,841,633,584,523,264,186,2,3780,703,289,1,2304,1262,217,470,353,766,1650,11,6,179,348,0,804,1102,477,406,241,41,6,0,3077,133,20,0,2020,987,70,305,410,288,1587,4,11,143,329
01/13/2021,6704,93915,4296,71187,0.026,2408,22728,0.008,2,1398,1633,1054,1088,761,374,394,2,6702,1065,537,0,4105,2434,165,834,725,1113,3074,16,19,301,622,2,827,836,641,740,556,323,371,2,4294,923,494,0,2494,1658,144,555,381,840,1888,10,8,198,416,0,571,797,413,348,205,51,23,0,2408,142,43,0,1611,776,21,279,344,273,1186,6,11,103,206
01/14/2021,4838,98753,3984,75171,0.028,854,23582,0.009,0,980,1146,727,761,647,351,226,0,4838,866,372,0,2944,1750,144,714,439,845,2169,8,9,220,434,0,789,840,577,647,567,342,222,0,3984,831,368,0,2413,1435,136,619,325,737,1748,5,6,183,361,0,191,306,150,114,80,9,4,0,854,35,4,0,531,315,8,95,114,108,421,3,3,37,73
01/15/2021,4456,103209,3934,79105,0.029,522,24104,0.009,3,964,1105,708,685,516,269,206,3,4453,685,312,0,2831,1452,173,586,449,816,2002,11,9,178,405,2,842,952,609,617,457,250,205,2,3932,646,302,0,2511,1270,153,539,370,737,1745,10,8,160,365,1,122,153,99,68,59,19,1,1,521,39,10,0,320,182,20,47,79,79,257,1,1,18,40
01/16/2021,3125,106334,2613,81718,0.03,512,24616,0.009,1,661,736,489,423,319,228,268,1,3124,630,361,0,1989,998,138,350,281,452,1519,8,11,151,353,1,520,566,398,355,286,219,268,1,2612,611,357,0,1697,785,131,297,197,398,1275,7,9,130,300,0,141,170,91,68,33,9,0,0,512,19,4,0,292,213,7,53,84,54,244,1,2,21,53
01/17/2021,1244,107578,817,82535,0.031,427,25043,0.009,0,259,296,167,138,134,118,132,0,1244,320,185,0,827,415,2,57,95,87,828,1,4,63,109,0,134,139,102,92,107,111,132,0,817,301,185,0,534,281,2,35,53,64,542,0,3,49,71,0,125,157,65,46,27,7,0,0,427,19,0,0,293,134,0,22,42,23,286,1,1,14,38
01/18/2021,4535,112113,2971,85506,0.032,1564,26607,0.01,1,885,1075,632,596,496,517,333,1,4534,1101,640,0,2641,1512,382,435,363,690,2277,8,10,219,533,1,514,543,382,364,357,480,330,1,2970,1011,625,0,1618,1035,318,270,174,528,1547,7,6,133,306,0,371,532,250,232,139,37,3,0,1564,90,15,0,1023,477,64,165,189,162,730,1,4,86,227
01/19/2021,6157,118270,3781,89287,0.033,2376,28983,0.011,2,1144,1378,976,831,823,647,356,2,6155,1463,676,0,3744,2262,151,864,518,1180,2938,17,17,203,420,2,594,655,538,483,566,599,344,2,3779,1302,649,0,2174,1500,107,485,234,879,1840,12,8,103,220,0,550,723,438,348,257,48,12,0,2376,161,27,0,1570,762,44,379,284,301,1098,5,9,100,200
01/20/2021,8309,126579,5502,94789,0.035,2807,31790,0.012,5,1580,1743,1207,1121,1247,1007,399,5,8304,2179,799,0,5057,3087,165,1263,724,1508,3867,16,22,297,612,4,817,976,739,704,940,941,381,4,5498,1972,758,0,3176,2193,133,843,351,1080,2658,6,16,175,373,1,763,767,468,417,307,66,18,1,2806,207,41,0,1881,894,32,420,373,428,1209,10,6,122,239
01/21/2021,10648,137227,8812,103601,0.038,1836,33626,0.012,3,1609,1769,1267,1182,1806,1815,1197,3,10645,4287,1972,0,6429,4059,160,1363,780,2098,5397,20,13,340,637,3,1064,1274,946,917,1635,1779,1194,3,8809,4191,1955,0,5218,3468,126,1122,538,1839,4535,16,12,273,477,0,545,495,321,265,171,36,3,0,1836,96,17,0,1211,591,34,241,242,259,862,4,1,67,160
01/22/2021,9827,147054,8847,112448,0.042,980,34606,0.013,6,1224,1476,1035,940,1729,2084,1333,6,9821,4765,2219,0,5948,3715,164,1186,538,1952,5227,18,11,356,539,6,984,1196,827,787,1657,2062,1328,6,8841,4714,2209,0,5290,3407,150,1092,444,1811,4766,14,8,301,411,0,240,280,208,153,72,22,5,0,980,51,10,0,658,308,14,94,94,141,461,4,3,55,128
01/23/2021,4981,152035,4390,116838,0.043,591,35197,0.013,3,712,817,521,429,973,1089,437,3,4978,2280,856,0,3095,1800,86,677,345,893,2569,19,15,149,314,3,520,676,431,350,925,1063,422,3,4387,2219,833,0,2716,1588,86,629,252,831,2318,16,11,115,218,0,192,141,90,79,48,26,15,0,591,61,23,0,379,212,0,48,93,62,251,3,4,34,96
01/24/2021,1726,153761,1597,118435,0.044,129,35326,0.013,0,255,335,239,174,274,325,124,0,1726,660,235,0,1099,626,1,160,106,297,990,5,8,57,103,0,217,303,219,148,265,322,123,0,1597,652,232,0,1018,578,1,149,91,288,919,5,6,48,91,0,38,32,20,26,9,3,1,0,129,8,3,0,81,48,0,11,15,9,71,0,2,9,12
01/25/2021,8380,162141,6027,124462,0.046,2353,37679,0.014,1,1266,1477,1197,1083,1421,1366,569,1,8379,2884,1093,0,4889,3439,52,1028,560,1833,3928,20,12,328,671,0,655,936,815,684,1166,1287,484,0,6027,2628,981,0,3436,2550,41,715,269,1360,2983,16,9,228,447,1,611,541,382,399,255,79,85,1,2352,256,112,0,1453,889,11,313,291,473,945,4,3,100,224
01/26/2021,9877,172018,6533,130995,0.049,3344,41023,0.015,7,1586,1842,1464,1254,1767,1400,557,7,9870,3060,1128,0,5667,4052,158,1286,670,2039,4473,32,35,413,929,5,670,993,930,788,1366,1288,493,5,6528,2721,1016,0,3596,2911,26,951,353,1446,3124,20,17,207,415,2,916,849,534,466,401,112,64,2,3342,339,112,0,2071,1141,132,335,317,593,1349,12,18,206,514
01/27/2021,11628,183646,8753,139748,0.052,2875,43898,0.016,3,1347,1952,1572,1496,2278,2025,954,3,11624,4554,1758,1,6746,4850,32,1665,830,2610,5229,36,23,430,805,2,808,1350,1123,1013,1858,1823,775,2,8750,3993,1494,1,4876,3852,25,1338,533,2024,4027,26,9,296,500,1,539,602,449,483,420,202,179,1,2874,561,264,0,1870,998,7,327,297,586,1202,10,14,134,305
01/28/2021,12286,195932,10188,149936,0.056,2098,45996,0.017,6,1603,2215,1646,1374,2042,2115,1284,6,12279,4850,2120,1,7234,4847,205,1735,820,2598,5707,33,21,481,891,4,1036,1632,1285,1059,1857,2061,1254,4,10184,4706,2073,0,5901,4194,93,1481,595,2280,4814,21,11,383,603,2,567,583,361,315,185,54,30,2,2095,144,47,1,1333,653,112,254,225,318,893,12,10,98,288
01/29/2021,12696,208628,11115,161051,0.06,1581,47577,0.018,11,1415,1905,1458,1369,2400,2630,1508,11,12685,5858,2752,0,7709,4882,105,1992,721,3075,5608,30,18,435,817,11,1036,1510,1178,1121,2197,2583,1479,11,11104,5706,2704,0,6680,4395,40,1771,562,2737,4987,26,14,382,636,0,379,395,280,248,203,47,29,0,1581,152,48,0,1029,487,65,221,159,338,621,4,4,53,181
01/30/2021,6728,215356,5307,166358,0.062,1421,48998,0.018,5,868,1109,873,807,1175,1139,752,5,6723,2740,1221,0,4168,2540,20,1369,441,1260,2970,25,11,239,413,4,539,823,690,643,1036,1035,537,4,5303,2354,958,0,3177,2113,17,1190,309,1087,2238,19,10,169,285,1,329,286,183,164,139,104,215,1,1420,386,263,0,991,427,3,179,132,173,732,6,1,70,128
01/31/2021,2659,218015,2160,168518,0.063,499,49497,0.018,0,365,610,448,402,377,276,181,0,2659,659,298,0,1667,985,7,468,203,307,1332,6,6,122,215,0,300,478,382,332,327,228,113,0,2160,522,210,0,1339,815,6,425,121,261,1110,5,6,83,149,0,65,132,66,70,50,48,68,0,499,137,88,0,328,170,1,43,82,46,222,1,0,39,66
02/01/2021,8299,226314,6318,174836,0.065,1981,51478,0.019,3,838,1365,1097,1018,1741,1548,689,3,8296,3470,1255,0,4831,3408,60,1494,544,1791,3482,23,21,333,611,3,518,926,779,656,1469,1420,547,3,6315,3088,1067,0,3617,2681,20,1291,338,1432,2624,14,12,211,396,0,320,439,318,362,272,128,142,0,1981,382,188,0,1214,727,40,203,206,359,858,9,9,122,215
02/02/2021,12458,238772,8637,183473,0.068,3821,55299,0.021,9,1796,2318,1860,1736,2342,1667,730,9,12449,3917,1303,0,7144,5115,199,2188,919,2686,5211,23,28,502,901,8,977,1375,1202,1146,1832,1482,615,8,8629,3390,1124,0,4792,3788,57,1739,547,1929,3590,14,16,310,492,1,819,943,658,590,510,185,115,1,3820,527,179,0,2352,1327,142,449,372,757,1621,9,12,192,409
02/03/2021,13320,252092,10083,193556,0.072,3237,58536,0.022,5,1612,2175,1784,1893,2661,2194,995,5,13314,4919,1816,1,7645,5561,114,2448,895,3019,5363,32,30,539,994,4,1020,1496,1287,1282,2126,1995,873,4,10079,4377,1633,0,5729,4298,56,2053,562,2243,4141,26,19,386,653,1,592,679,497,611,535,199,122,1,3235,542,183,1,1916,1263,58,395,333,776,1222,6,11,153,341
02/04/2021,15789,267881,12668,206224,0.077,3121,61657,0.023,11,1786,2343,1935,1987,2963,3280,1484,11,15778,6794,3115,0,9220,6415,154,2759,914,3491,7103,61,17,502,942,10,1117,1579,1420,1468,2623,3096,1355,10,12658,6348,2885,0,7289,5296,83,2321,659,2938,5654,54,12,375,655,1,669,764,515,519,340,184,129,1,3120,446,230,0,1931,1119,71,438,255,553,1449,7,5,127,287
02/05/2021,17004,284885,12675,218899,0.081,4329,65986,0.024,13,2192,2760,2048,2059,2890,3344,1698,13,16991,6920,3479,0,10079,6782,143,3031,1133,3420,7674,42,32,616,1056,13,1389,1793,1440,1424,2384,2962,1270,13,12662,5879,2856,0,7339,5270,66,2479,733,2613,5668,31,21,423,707,0,803,967,608,635,506,382,428,0,4329,1041,623,0,2740,1512,77,552,400,807,2006,11,11,193,349
02/06/2021,9121,294006,6996,225895,0.084,2125,68111,0.025,13,1273,1492,1231,1237,1677,1377,821,13,9108,3285,1353,0,5621,3416,84,1841,562,1626,4013,40,27,344,668,12,770,996,898,956,1432,1209,723,12,6984,2884,1179,0,4208,2773,15,1553,379,1239,3029,28,19,258,491,1,503,496,333,281,245,168,98,1,2124,401,174,0,1413,643,69,288,183,387,984,12,8,86,177
02/07/2021,3194,297200,2428,228323,0.085,766,68877,0.026,1,458,503,405,392,571,473,391,1,3193,1228,579,0,1963,1229,2,278,193,573,1658,5,10,179,298,1,322,397,326,295,475,399,213,1,2427,927,366,0,1463,965,0,225,145,480,1205,4,6,127,236,0,136,106,79,97,96,74,178,0,766,301,213,0,500,264,2,53,48,93,453,1,4,52,62
02/08/2021,10181,307381,7384,235707,0.087,2797,71674,0.027,5,1107,1385,1170,1318,2172,1963,1061,5,10176,4517,1845,0,5751,4233,197,1788,680,2338,4293,29,18,327,708,5,630,922,864,950,1770,1562,681,5,7379,3489,1257,0,4146,3202,36,1532,434,1741,2987,21,10,205,454,0,477,463,306,368,402,401,380,0,2797,1028,588,0,1605,1031,161,256,246,597,1306,8,8,122,254
02/09/2021,11664,319045,8241,243948,0.091,3423,75097,0.028,14,1305,1808,1642,1596,2319,2087,893,14,11650,4469,1786,0,6476,5010,178,2182,807,2700,4970,35,26,352,592,12,741,1182,1114,1100,1810,1675,607,12,8229,3491,1281,0,4529,3669,43,1730,544,1874,3432,26,21,246,368,2,564,626,528,496,509,412,286,2,3421,978,505,0,1947,1341,135,452,263,826,1538,9,5,106,224
02/10/2021,16630,335675,11325,255273,0.095,5305,80402,0.03,20,1781,2523,2123,2258,3079,3338,1508,20,16610,6887,2737,0,9476,6952,202,2854,1002,3569,7609,57,34,589,916,18,1001,1582,1365,1448,2236,2676,999,18,11307,5220,1966,0,6455,4778,92,2147,657,2426,5094,45,19,380,557,2,780,941,758,810,843,662,509,2,5303,1667,771,0,3021,2174,110,707,345,1143,2515,12,15,209,359
02/11/2021,18663,354338,10573,265846,0.099,8090,88492,0.033,8,1971,2732,2322,2379,3691,3494,2066,8,18655,8130,3489,0,10851,7580,232,3266,1166,4230,8391,81,22,615,892,5,1040,1530,1441,1467,2207,1953,930,5,10568,4393,1702,0,6057,4446,70,2273,663,2476,4253,64,10,329,505,3,931,1202,881,912,1484,1541,1136,3,8087,3737,1787,0,4794,3134,162,993,503,1754,4138,17,12,286,387
02/12/2021,17279,371617,10406,276252,0.103,6873,95365,0.035,6,1909,2489,2019,1940,3418,3489,2009,6,17273,7926,3420,0,10216,6851,212,2727,912,3614,8550,60,28,542,846,3,1156,1705,1429,1391,2145,1831,746,3,10403,3982,1423,0,5955,4378,73,2040,555,2050,4846,46,16,321,532,3,753,784,590,549,1273,1658,1263,3,6870,3944,1997,0,4261,2473,139,687,357,1564,3704,14,12,221,314
02/13/2021,11927,383544,8314,284566,0.106,3613,98978,0.037,5,1354,1757,1518,1741,2454,2042,1056,5,11922,4663,1824,0,7047,4692,188,2310,807,2636,4845,43,22,373,891,5,952,1278,1193,1447,1746,1143,550,5,8309,2711,975,0,4769,3501,44,1858,598,1819,3047,38,19,269,666,0,402,479,325,294,708,899,506,0,3613,1952,849,0,2278,1191,144,452,209,817,1798,5,3,104,225
02/14/2021,3627,387171,2784,287350,0.107,843,99821,0.037,2,483,574,573,522,637,513,323,2,3625,1217,538,0,2084,1536,7,542,158,454,1838,14,10,194,417,1,343,433,453,420,523,418,193,1,2783,932,357,0,1529,1248,7,487,113,389,1292,13,7,134,349,1,140,141,120,102,114,95,130,1,842,285,181,0,555,288,0,55,45,65,546,1,3,60,68
02/15/2021,8513,395684,5778,293128,0.109,2735,102556,0.038,6,946,1246,1186,1153,1817,1559,600,6,8507,3379,1169,0,4724,3654,135,1788,501,1921,3452,26,12,294,519,6,582,815,879,845,1316,973,362,6,5772,2188,694,0,3170,2588,20,1499,349,1190,2203,18,5,199,315,0,364,431,307,308,501,586,238,0,2735,1191,475,0,1554,1066,115,289,152,731,1249,8,7,95,204
02/16/2021,8232,403916,5430,298558,0.111,2802,105358,0.039,4,898,1232,1084,1027,1886,1596,504,4,8227,3479,958,1,4428,3662,142,1458,424,1550,4043,23,21,260,453,3,552,746,734,683,1353,1077,281,3,5426,2367,514,1,2913,2487,30,1157,292,795,2763,16,10,154,243,1,346,486,350,344,533,519,223,1,2801,1112,444,0,1515,1175,112,301,132,755,1280,7,11,106,210
02/17/2021,13023,416939,6368,304926,0.113,6655,112013,0.042,17,1411,2050,1716,1576,2644,2520,1089,17,13006,5459,2098,0,7310,5580,133,2290,1030,2836,5684,51,18,440,674,13,685,956,859,813,1369,1127,546,13,6355,2578,997,0,3540,2803,25,1326,646,1222,2632,36,7,194,305,4,726,1094,857,763,1275,1393,543,4,6651,2881,1101,0,3770,2777,108,964,384,1614,3052,15,11,246,369
02/18/2021,15279,432218,7534,312460,0.116,7745,119758,0.044,6,1566,2175,1841,1848,3145,3041,1657,6,15273,6937,2869,0,8580,6540,159,2614,888,3547,6941,30,20,506,733,3,751,982,905,986,1820,1472,615,3,7531,3337,1156,0,4099,3398,37,1599,466,1787,3073,15,12,250,332,3,815,1193,936,862,1325,1569,1042,3,7742,3600,1713,0,4481,3142,122,1015,422,1760,3868,15,8,256,401
02/19/2021,14936,447154,6637,319097,0.118,8299,128057,0.048,15,1635,2161,1688,1755,2871,3049,1762,15,14921,6830,3165,0,8839,5970,127,2506,864,3722,6553,33,19,495,744,7,773,991,851,937,1433,1090,555,7,6630,2593,980,0,3731,2876,30,1425,409,1764,2521,20,8,192,298,8,862,1170,837,818,1438,1959,1207,8,8291,4237,2185,0,5108,3094,97,1081,455,1958,4032,13,11,303,446
02/20/2021,8837,455991,4537,323634,0.12,4300,132357,0.049,11,1081,1503,1494,1306,1487,1293,662,11,8826,2865,1210,0,5127,3621,89,2619,586,1318,3362,43,10,265,634,4,567,696,860,787,790,531,302,4,4533,1254,536,0,2467,2057,13,1821,240,566,1314,22,2,131,441,7,514,807,634,519,697,762,360,7,4293,1611,674,0,2660,1564,76,798,346,752,2048,21,8,134,193
02/21/2021,3775,459766,2208,325842,0.121,1567,133924,0.05,5,586,732,698,587,537,424,206,5,3770,920,381,0,2201,1560,14,674,160,492,1761,13,8,134,533,5,312,369,392,360,347,265,158,5,2203,589,266,0,1208,991,9,516,75,310,810,10,0,76,411,0,274,363,306,227,190,159,48,0,1567,331,115,0,993,569,5,158,85,182,951,3,8,58,122
02/22/2021,11184,470950,4735,330577,0.123,6449,140373,0.052,2,1071,1637,1565,1475,2417,2147,870,2,11182,4633,1659,0,6168,4911,105,2242,476,2638,4721,26,20,400,661,0,469,618,664,677,1113,816,378,0,4735,1861,689,0,2516,2180,39,1365,175,1349,1446,10,6,153,231,2,602,1019,901,798,1304,1331,492,2,6447,2772,970,0,3652,2731,66,877,301,1289,3275,16,14,247,430
02/23/2021,15243,486193,7693,338270,0.126,7550,147923,0.055,12,1744,2280,2083,2046,3245,2755,1078,12,15231,6045,2035,0,8481,6664,98,3306,1009,3164,6459,30,21,470,784,4,797,924,939,1018,1829,1558,624,4,7689,3437,1124,0,4224,3434,35,1981,530,1665,2885,17,9,228,378,8,947,1356,1144,1028,1416,1197,454,8,7542,2608,911,0,4257,3230,63,1325,479,1499,3574,13,12,242,406
02/24/2021,16463,502656,8292,346562,0.129,8171,156094,0.058,13,1840,2658,2234,2176,3357,2943,1242,13,16450,6455,2384,0,9171,7251,41,3709,1313,3324,6779,41,19,457,821,8,961,1295,1218,1222,1683,1372,533,8,8284,2964,1040,0,4525,3743,24,2438,761,1681,2808,24,7,212,361,5,879,1363,1016,954,1674,1571,709,5,8166,3491,1344,0,4646,3508,17,1271,552,1643,3971,17,12,245,460
02/25/2021,19236,521892,8774,355336,0.132,10462,166556,0.062,18,1832,2647,2429,2283,3900,4212,1914,18,19217,8801,3841,1,10922,8263,51,4215,1078,4261,7963,55,30,641,993,10,985,1365,1331,1272,1732,1381,698,10,8764,3097,1247,0,4850,3889,35,2644,481,1960,2924,31,18,285,431,8,847,1282,1098,1011,2168,2831,1216,8,10453,5704,2594,1,6072,4374,16,1571,597,2301,5039,24,12,356,562
02/26/2021,20951,542843,10314,365650,0.136,10637,177193,0.066,25,2261,3135,2692,2657,4030,4352,1799,25,20926,8835,3918,0,11993,8889,69,4566,1192,4652,8716,70,40,657,1058,12,1164,1674,1532,1605,2045,1552,730,12,10302,3470,1356,0,5809,4458,47,2818,600,2420,3626,45,20,315,470,13,1097,1461,1160,1052,1985,2800,1069,13,10624,5365,2562,0,6184,4431,22,1748,592,2232,5090,25,20,342,588
02/27/2021,15741,558584,10697,376347,0.14,5045,182238,0.068,23,1936,2578,2547,2462,3063,2113,1019,23,15718,4871,1847,0,8937,6779,25,4544,911,3119,5400,57,39,501,1170,17,1316,1731,1823,1868,2027,1288,627,17,10680,2925,1154,0,5947,4729,21,3453,607,2221,3107,40,24,352,893,6,620,847,724,594,1037,825,392,6,5039,1946,693,0,2991,2050,4,1091,304,899,2293,17,15,149,277
02/28/2021,6902,565486,4551,380898,0.141,2353,184591,0.069,11,959,1133,1162,1131,1289,776,441,11,6891,1852,754,0,4073,2821,8,1301,318,1037,2867,38,13,380,948,11,602,660,816,844,902,458,258,11,4540,1092,441,0,2555,1989,7,884,175,703,1716,34,6,283,750,0,357,473,346,287,387,319,184,0,2353,762,314,0,1519,833,1,417,143,336,1151,4,7,97,198
03/01/2021,13618,579104,7478,388376,0.144,6145,190736,0.071,17,1265,1948,1853,1777,3090,2531,1137,17,13601,5721,2100,0,7712,5864,42,2823,746,3287,5501,56,16,438,751,9,756,1109,1102,1159,1622,1145,576,9,7469,2670,1013,0,4130,3321,27,1640,414,1863,2836,42,11,259,413,8,509,839,751,620,1470,1387,561,8,6137,3052,1087,0,3585,2545,15,1185,332,1426,2666,14,5,179,338
03/02/2021,15874,594978,8464,396840,0.147,7413,198149,0.074,15,1615,2517,2297,2267,3348,2633,1182,15,15859,5947,2166,0,8642,7169,63,3675,941,3628,6262,45,32,512,779,9,898,1446,1349,1316,1699,1166,581,9,8455,2688,1020,0,4571,3877,16,2095,494,1844,3276,33,18,277,427,6,717,1071,950,951,1649,1467,602,6,7407,3260,1147,0,4073,3293,47,1580,448,1785,2987,12,14,235,352
03/03/2021,19413,614391,9424,406264,0.151,10002,208151,0.077,27,2000,2917,2598,2665,3818,3772,1615,27,19385,7785,3008,1,10997,8244,172,4267,1181,4306,7727,67,25,726,1114,16,1220,1677,1440,1517,1776,1155,622,16,9407,2722,1068,1,5277,4070,77,2323,603,2101,3528,35,10,311,513,11,780,1242,1160,1149,2045,2620,995,11,9991,5070,1944,0,5730,4177,95,1948,580,2205,4203,32,16,415,603
03/04/2021,19307,633698,10600,416864,0.155,8851,217002,0.081,16,2033,2878,2474,2688,4196,3445,1577,16,19291,7841,2862,0,10918,8287,102,4281,1013,4760,7557,75,32,591,998,13,1122,1578,1423,1506,2323,1772,863,13,10587,4144,1492,0,5889,4681,30,2408,530,2804,3980,45,21,317,495,3,936,1325,1083,1217,1894,1677,716,3,8848,3707,1374,0,5095,3684,72,1905,494,1973,3629,30,12,281,527
03/05/2021,20809,654507,12365,429229,0.159,8862,225864,0.084,28,2296,3320,2998,3103,4354,3208,1500,28,20779,7412,2641,2,11825,8900,84,4734,1318,5019,7783,62,32,754,1107,25,1293,1971,1868,1955,2620,1820,811,25,12338,4204,1450,2,6952,5375,38,2812,856,3179,4441,41,20,423,593,3,1040,1447,1203,1268,1801,1402,696,3,8857,3253,1200,2,5056,3757,49,2012,491,1890,3559,21,15,345,529
03/06/2021,14453,668960,8233,437462,0.162,6586,232450,0.086,33,1717,2313,2171,2498,2751,1856,1114,33,14420,4467,1825,0,8428,5961,64,3980,830,2596,5290,59,23,486,1189,22,1092,1449,1381,1552,1436,838,463,22,8211,1992,773,0,4567,3620,46,2472,509,1428,2808,37,3,266,710,11,670,944,847,1040,1375,1033,666,11,6575,2531,1070,0,4020,2547,19,1579,344,1196,2688,23,20,225,511
03/07/2021,6100,675060,4447,441909,0.164,2493,234943,0.087,10,739,1047,1045,1101,1154,672,332,10,6090,1510,594,0,3364,2672,64,1067,280,1162,2403,29,8,288,863,9,566,762,829,899,826,376,180,9,4438,844,326,0,2398,1985,64,880,197,890,1567,26,6,197,684,1,231,375,359,416,535,383,193,1,2492,850,342,0,1467,1024,2,212,101,799,951,4,3,124,299
03/08/2021,14514,689574,8136,450045,0.167,7133,242076,0.09,18,1527,2343,2085,2338,3087,2107,1009,18,14496,4832,1806,0,7990,6446,78,3380,1011,3506,5246,49,23,430,869,16,946,1425,1354,1461,1549,902,483,16,8120,2067,834,0,4429,3652,55,1875,560,2223,2746,25,13,223,471,2,675,1058,876,1039,1671,1251,561,2,7131,2899,1022,0,3931,3177,25,1682,491,1488,2750,28,14,225,455
03/09/2021,18731,708305,10675,460720,0.171,8770,250846,0.093,28,1903,2689,2612,2721,4190,3341,1247,28,18703,7318,2411,0,10299,8369,63,4206,1245,4157,7657,66,38,548,814,18,1239,1683,1615,1797,2167,1450,706,18,10657,3362,1288,0,5849,4791,35,2669,731,2734,3670,42,18,317,494,10,763,1152,1136,1085,2115,1937,572,10,8760,4059,1177,0,4806,3935,29,1685,573,1542,4295,27,21,246,381
03/10/2021,23331,731636,15283,476003,0.177,8986,259832,0.096,36,2765,3950,3430,3706,4524,3348,1571,36,23294,7535,2852,1,12750,10527,54,4947,1520,5265,9737,116,51,716,979,30,1996,2752,2400,2612,2776,1806,910,30,15252,4160,1583,1,8292,6968,23,3120,965,3656,6353,89,42,444,614,7,926,1381,1200,1277,1869,1615,711,7,8979,3552,1346,0,4918,4037,31,2039,628,1734,3862,28,12,301,382
03/11/2021,24911,756547,15718,491721,0.183,10150,269982,0.1,24,2821,4176,3600,3650,5262,3702,1676,24,24887,8337,3104,0,13556,11193,162,5140,1698,5570,10427,115,46,813,1102,19,1989,2859,2335,2444,3271,1908,893,19,15699,4367,1602,0,8406,7202,110,3199,1058,3714,6438,64,31,517,697,5,987,1513,1444,1379,2141,1857,824,5,10145,4131,1564,0,5613,4484,53,2119,713,1995,4486,57,16,319,445
03/12/2021,28515,785062,17690,509411,0.189,11886,281868,0.105,47,3311,4860,4118,4330,6390,3866,1593,47,28468,8570,2974,0,15925,12522,68,5973,1742,6083,12472,107,44,845,1249,43,2125,3152,2566,2872,4145,1953,834,43,17647,4379,1532,0,9755,7901,34,3737,1130,3944,7520,57,29,518,755,4,1336,1958,1739,1674,2398,1981,796,4,11882,4356,1501,0,6696,5156,34,2499,678,2257,5510,57,17,352,516
03/13/2021,20454,805516,12334,521745,0.194,9251,291119,0.108,28,2780,3577,3382,3614,3666,2298,1109,28,20426,5309,1958,0,11516,8886,52,6118,1148,4250,7082,84,42,626,1104,24,1824,2295,2172,2260,2092,1128,539,24,12310,2666,933,0,6768,5535,31,4346,756,2394,3872,37,29,370,530,4,1119,1525,1426,1573,1744,1258,602,4,9247,2831,1090,0,5318,3912,21,2008,458,2074,3728,48,21,298,616
03/14/2021,10614,816130,7792,529537,0.197,3052,294171,0.109,11,1352,1757,1613,1831,2095,1279,676,11,10603,3030,1146,0,5870,4700,44,2002,640,2732,4195,39,15,343,648,10,1016,1297,1194,1429,1564,849,433,10,7782,2036,727,0,4243,3511,38,1527,495,2377,2832,19,8,227,307,1,381,528,467,436,550,440,249,1,3051,1017,429,0,1744,1302,6,498,161,396,1507,20,7,117,346
03/15/2021,20650,836780,14370,543907,0.202,6980,301151,0.112,18,3034,3931,3347,3347,3645,2359,968,18,20631,5249,1842,1,10945,9637,68,4661,1863,4222,8275,77,45,561,946,16,2449,3070,2411,2458,2208,1256,501,16,14353,2764,994,1,7483,6824,63,3256,1333,2849,5774,58,37,394,669,2,743,1019,1054,1041,1508,1125,487,2,6977,2547,877,1,3799,3176,5,1559,551,1500,2761,22,12,195,380
03/16/2021,23307,860087,16378,560285,0.208,8118,309269,0.115,24,3255,4237,3747,3857,4476,2615,1096,24,23283,5955,1971,0,12408,10793,106,5386,1825,5216,9070,71,41,671,1027,19,2536,3352,2916,2980,2859,1174,542,19,16359,2815,988,0,8569,7740,69,3941,1322,3854,5937,51,32,498,743,5,883,1127,1111,1144,1780,1483,585,5,8113,3250,1037,0,4458,3615,45,1760,558,1534,3502,24,15,260,465
03/17/2021,24119,884206,17712,577997,0.215,7258,316527,0.117,33,3705,4754,4008,4117,4024,2383,1095,33,24086,5428,2015,0,13115,10910,94,6315,1744,4961,9286,97,58,615,1043,27,2989,3788,3121,3204,2706,1250,627,27,17685,2942,1131,0,9499,8142,71,4721,1259,3616,6781,60,49,447,779,7,829,1113,1081,1098,1451,1182,497,7,7251,2599,930,0,4058,3174,26,1851,513,1514,2769,40,11,216,344
03/18/2021,25563,909769,18419,596416,0.221,7907,324434,0.12,65,3730,5045,4013,4106,4953,2370,1281,65,25498,5617,2167,0,13513,11892,158,5997,1662,5359,10452,74,36,795,1188,57,2898,3934,3048,3075,3484,1251,672,57,18362,2978,1137,0,9686,8602,131,4145,1254,3749,7701,62,25,587,896,9,934,1263,1122,1199,1570,1160,650,9,7898,2755,1088,0,4212,3664,31,2095,432,1775,2980,13,13,241,358
03/19/2021,27181,936950,19960,616376,0.229,8380,332814,0.124,78,4085,5260,4473,4560,5177,2349,1199,78,27103,5545,2143,0,14917,12145,119,6788,1649,6084,10542,101,59,782,1176,69,3228,4115,3472,3506,3711,1233,626,69,19891,2954,1115,0,10805,9085,70,5028,1229,4207,7875,87,44,586,904,11,1061,1415,1241,1311,1598,1147,596,11,8369,2679,1065,0,4606,3724,50,2082,466,2053,3135,20,15,251,358
03/20/2021,18799,955749,13233,629609,0.234,7329,340143,0.126,51,2854,3801,3449,3400,2887,1563,794,51,18748,3740,1372,0,9955,8786,58,5904,1422,3035,6791,97,32,608,910,42,2151,2989,2455,2471,1850,847,428,42,13191,2081,728,0,6904,6282,47,3750,1017,2374,5111,67,22,421,471,12,971,1280,1362,1311,1240,764,389,12,7317,1789,680,0,3970,3343,16,2585,491,963,2474,34,13,243,526
03/21/2021,12231,967980,8767,638376,0.237,3930,344073,0.128,29,1991,2597,2308,2351,1798,782,375,29,12202,1814,686,0,6648,5530,53,2255,867,2586,5038,65,22,404,994,17,1536,2082,1658,1661,1130,465,218,17,8750,1078,395,0,4660,4068,39,1584,751,1983,3681,38,22,206,502,12,557,659,734,779,708,322,159,12,3918,754,294,0,2241,1674,15,705,138,683,1626,33,4,218,523
03/22/2021,21798,989778,16764,655140,0.243,5661,349734,0.13,47,3345,4665,3871,3761,3372,1826,909,47,21749,4177,1632,2,11344,10350,104,5193,1676,4272,9025,68,28,588,948,40,2874,4012,3144,3053,2224,939,476,40,16722,2150,849,2,8621,8086,57,3989,1408,2774,7398,53,26,423,693,7,580,757,865,863,1231,909,449,7,5654,2094,808,0,3003,2611,47,1435,289,1582,1834,16,3,185,317
03/23/2021,25715,1015493,19862,675002,0.251,6750,356484,0.132,71,3756,5086,4151,5706,3968,2052,924,71,25643,4697,1700,1,13528,12091,96,5642,1858,4600,11564,81,47,823,1100,67,3141,4189,3262,4879,2714,1117,492,67,19794,2562,925,1,10358,9424,80,3994,1499,3188,9620,70,36,644,811,4,758,1085,1082,1045,1360,965,451,4,6746,2204,810,0,3610,3121,19,1968,404,1585,2218,14,13,213,335
03/24/2021,27238,1042731,20189,695191,0.258,7877,364361,0.135,78,4284,5681,4763,4681,4231,2403,1116,78,27159,5364,2065,1,14586,12575,77,6420,2553,5369,10767,75,37,789,1228,69,3530,4577,3739,3647,2840,1227,559,69,20119,2794,1034,1,10727,9390,72,4523,1968,3700,8374,62,34,597,931,9,861,1258,1196,1217,1526,1219,591,9,7868,2698,1074,0,4249,3621,7,2158,632,1811,2705,16,4,226,325
03/25/2021,29284,1072015,20122,715313,0.266,9912,374273,0.139,92,4756,6077,4853,4810,4638,2734,1324,92,29192,6352,2330,0,15662,13468,154,6662,2205,5658,12487,80,62,828,1302,77,3924,4851,3620,3646,2516,980,508,77,20045,2301,875,0,10478,9526,118,4366,1740,3322,9067,57,42,550,978,15,944,1359,1402,1329,2231,1791,841,15,9897,4133,1495,0,5532,4341,39,2553,500,2478,3663,24,21,307,366
03/26/2021,32212,1104227,19942,735255,0.273,13039,387312,0.144,112,5347,6585,5271,5316,5216,3021,1344,112,32100,6963,2461,0,17706,14393,113,7743,2410,6916,12482,114,50,994,1503,89,4146,4731,3554,3586,2472,896,468,89,19853,2160,836,0,10701,9156,85,4849,1617,3898,7836,68,33,605,1036,23,1313,1991,1849,1919,2841,2187,916,23,13016,4929,1694,0,7373,5637,29,3055,838,3260,4900,50,20,414,502
03/27/2021,24589,1128816,15331,750586,0.279,10161,397473,0.148,128,4348,5214,4618,4505,3392,1601,783,128,24461,3671,1421,0,13183,11321,85,8365,1809,4278,7905,62,30,715,1425,113,3263,3690,2952,2839,1700,521,253,113,15218,1237,453,0,7917,7351,63,5313,1204,2402,5318,34,15,408,637,15,1308,1748,1839,1825,1790,1102,534,15,10146,2492,980,0,5694,4444,23,3275,648,2025,2991,30,15,338,839
03/28/2021,12486,1141302,9883,760469,0.282,3541,401014,0.149,43,2885,2956,2210,2093,1432,584,283,43,12443,1395,506,0,6458,5899,129,2907,1037,2148,4976,50,16,422,930,41,2503,2473,1748,1656,996,315,151,41,9842,785,269,0,5133,4624,126,2267,914,1912,3939,31,10,313,497,3,624,760,629,585,512,289,139,3,3538,656,249,0,1784,1675,82,713,168,444,1464,19,6,200,527
03/29/2021,27723,1169025,20889,781358,0.29,8013,409027,0.152,104,5542,6621,4854,4378,3688,1660,876,104,27619,3941,1511,0,14033,13590,100,6059,2549,4555,12270,126,42,774,1348,99,4828,5529,3829,3300,2271,660,373,99,20790,1666,623,0,10317,10495,77,4500,2117,2845,9732,83,30,574,1008,5,889,1330,1310,1355,1562,1032,530,5,8008,2378,930,0,4241,3748,24,1833,494,1992,2992,44,13,244,401
03/30/2021,31181,1200206,21108,802466,0.298,11143,420170,0.156,148,5322,6497,5621,6017,4285,2178,1113,148,31033,5159,1965,0,15839,15230,112,6093,2345,5054,15002,92,54,997,1544,132,4233,4968,4234,4401,2045,697,398,132,20976,1686,665,0,10449,10581,78,3675,1732,2873,10948,57,39,701,1083,19,1277,1730,1606,1821,2424,1525,741,19,11124,3586,1341,0,5901,5206,36,2784,680,2407,4358,36,17,348,513
03/31/2021,31778,1231984,20683,823149,0.306,12330,432500,0.161,131,6144,7512,5246,4995,4443,2228,1078,131,31646,5268,1921,1,16390,15260,128,6555,2589,5942,13961,121,51,923,1636,114,4873,5740,3676,3280,2074,591,334,114,20568,1507,574,1,10256,10374,53,3962,1954,3152,9771,70,33,611,1130,17,1493,2064,1799,1954,2533,1695,775,17,12313,3900,1399,0,6707,5544,79,2854,725,3138,4597,54,19,349,594
04/01/2021,32795,1264779,20962,844111,0.313,13123,445623,0.165,166,6093,7224,5745,5385,4692,2386,1103,166,32628,5424,1996,1,16886,15768,141,6754,2397,5921,14467,125,64,1272,1795,157,4766,5308,4124,3579,1982,677,368,157,20804,1596,618,1,10550,10349,63,4228,1704,2970,9853,78,36,864,1229,9,1580,2203,1879,2044,2871,1771,765,9,13113,3970,1434,1,6967,6072,84,2873,787,3191,5087,56,31,457,641
04/02/2021,34506,1299285,19279,863390,0.32,16588,462211,0.172,202,6236,7756,5648,5789,5635,2210,1029,202,34303,5185,1837,1,18424,15947,135,7211,2550,6783,14826,115,61,1078,1882,162,4454,5017,3498,3391,1891,551,314,162,19116,1381,513,1,9888,9299,92,4120,1560,3286,8272,74,36,644,1287,40,2062,3089,2398,2665,3882,1708,744,40,16548,3927,1370,0,9210,7300,78,3305,1077,3817,7102,52,31,508,696
04/03/2021,25664,1324949,15104,878494,0.326,12532,474743,0.176,185,4826,5876,4551,4507,3443,1487,786,185,25476,3678,1365,3,13338,12210,116,7007,1958,4578,9652,104,52,788,1525,159,3367,4093,2790,2558,1482,423,229,159,14942,1072,405,3,7607,7429,68,3310,1289,2540,6507,65,32,480,881,28,1873,2270,2110,2312,2166,1159,612,28,12502,2846,1056,2,6696,5779,57,4005,829,2423,4012,51,27,390,795
04/04/2021,9595,1334544,3376,881870,0.327,6646,481389,0.179,35,1780,1970,1636,1655,1539,692,288,35,9560,1650,537,0,4981,4531,83,2346,958,2185,3176,43,16,260,611,26,923,936,573,518,301,71,28,26,3350,177,54,0,1657,1711,8,859,551,427,1407,15,10,54,53,10,978,1166,1134,1204,1261,628,265,10,6636,1490,490,0,3519,3052,75,1522,437,1812,2053,34,6,217,565
04/05/2021,30079,1364623,17473,899343,0.334,15420,496809,0.184,138,6163,6793,5410,4965,3893,1847,869,138,29940,4213,1552,1,15374,14614,91,6455,2818,5825,12427,95,50,952,1457,120,4323,4372,3416,2827,1634,514,266,120,17352,1238,458,1,8639,8787,47,3555,1721,2803,7744,60,23,611,956,18,2445,3210,2527,2597,2565,1404,654,18,15402,3182,1165,0,8084,7288,48,3248,1327,3634,6087,50,32,464,578
04/06/2021,39855,1404478,25662,925005,0.343,17956,514765,0.191,234,8532,9914,6998,6588,4925,1770,893,234,39620,4344,1579,1,20182,19549,124,8043,3559,6814,17162,116,67,1846,2248,216,6400,7209,4680,3981,2275,575,325,216,25445,1494,540,1,12536,13054,72,4569,2413,3319,11935,67,44,1501,1814,18,2998,3843,3041,3222,2973,1254,607,18,17938,3019,1102,0,9324,8576,56,4016,1400,3974,7296,59,33,617,561
04/07/2021,35117,1439595,18279,943284,0.35,20370,535135,0.199,230,7162,8022,6137,5887,4593,2071,1015,230,34887,4824,1815,0,18116,16908,93,7471,2796,6761,13103,151,61,2192,2582,198,4660,4415,3323,2880,1899,600,304,198,18081,1452,537,0,9064,9175,40,3669,1486,3035,6299,59,28,1746,1957,32,3313,4485,3487,3622,3066,1583,782,32,20338,3669,1389,0,10768,9542,60,4292,1588,4504,8289,103,41,755,798
04/08/2021,35556,1475151,18477,961761,0.357,20167,555302,0.206,218,7134,8281,6144,5691,5266,1887,935,218,35338,4445,1677,0,18242,17189,125,7213,2637,6402,14154,125,62,2077,2886,173,4628,4580,3360,2936,1869,618,313,173,18304,1515,569,0,9021,9393,63,3712,1427,2824,6676,60,31,1561,2186,45,3191,4467,3381,3335,3704,1361,683,45,20122,3172,1209,0,10593,9506,68,4016,1437,4045,8885,80,38,815,851
04/09/2021,37901,1513052,19761,981522,0.364,21364,576666,0.214,315,7698,8575,6642,6354,5472,1929,914,315,37584,4514,1625,2,20015,17734,152,8472,2890,7226,14128,129,86,2210,2760,248,4998,4957,3538,3200,1922,602,294,248,19511,1460,498,2,10101,9603,57,4021,1748,3184,7026,60,37,1669,2016,67,3455,4426,3747,3728,3856,1413,672,67,21297,3276,1214,0,11459,9803,102,4914,1556,4489,8510,79,63,888,865
04/10/2021,28826,1541878,16379,997901,0.37,16692,593358,0.22,336,6093,6560,5496,5070,3380,1274,617,336,28490,3057,1061,0,14828,13828,170,8993,2242,4485,9839,106,48,1948,1165,296,4076,3927,3178,2750,1587,379,186,296,16083,978,328,0,8089,8166,124,4820,1284,2507,5315,68,30,1604,751,40,3106,3674,3144,3016,2224,1009,479,40,16652,2361,822,0,8696,7936,60,4763,1230,2853,6454,48,23,732,589
04/11/2021,15139,1557017,7585,1005486,0.373,9884,603242,0.224,132,3206,3349,2609,2782,1892,765,404,132,15007,1824,690,0,7750,7329,60,2671,1572,3315,6044,60,64,738,675,114,2045,1872,1373,1287,651,166,77,114,7471,412,134,0,3631,3937,17,1313,983,1210,3116,46,46,533,338,18,1784,2071,1706,1865,1436,654,350,18,9866,1551,599,0,5234,4602,48,1531,1023,2357,4001,50,47,461,414
04/12/2021,28731,1585748,13557,1019043,0.378,18669,621911,0.231,258,6171,6523,5204,5097,3535,1280,663,258,28473,3069,1139,0,14643,13958,130,6613,2823,5248,11159,100,45,1506,1237,219,3486,2979,2351,2332,1488,442,260,219,13338,1107,424,0,6753,6746,58,2948,1594,2583,4636,38,22,1101,635,39,3494,4264,3479,3444,2467,966,516,39,18630,2317,875,0,9563,9030,76,4189,1745,3475,7721,69,29,722,719
04/13/2021,32898,1618646,14816,1033859,0.384,18124,640035,0.238,454,6996,7272,5154,6729,3961,1596,735,454,32443,3652,1342,1,16677,16107,114,7132,2758,5023,13698,131,49,1574,2533,405,4215,3655,2358,2328,1270,394,190,405,14410,908,342,1,7315,7466,35,3446,1408,2054,5037,75,20,983,1793,49,2793,3629,2804,4409,2691,1203,546,49,18075,2746,1002,0,9381,8664,79,3691,1350,2972,8679,56,30,595,751
04/14/2021,31391,1650037,14449,1048308,0.389,16945,656980,0.244,447,7155,7045,5606,5340,3796,1339,662,447,30943,3198,1178,1,16122,15181,88,7599,2357,5361,11927,103,43,1528,2473,404,4084,3299,2508,2256,1324,390,183,404,14044,940,322,1,7174,7253,22,3205,1113,2254,5064,56,15,1047,1695,44,3071,3747,3098,3084,2473,949,479,44,16901,2259,856,0,8949,7930,66,4394,1245,3109,6863,47,28,481,778
04/15/2021,34233,1684270,15159,1063467,0.395,19170,676150,0.251,456,7336,7927,6322,6078,3936,1403,774,456,33776,3435,1306,1,17887,16196,150,7925,2799,5517,13521,112,60,1618,2681,392,3719,3427,2870,2587,1456,476,231,392,14766,1132,428,1,7886,7233,40,3442,1201,2476,5158,48,22,1039,1773,65,3629,4520,3465,3517,2497,930,547,65,19105,2311,884,0,10047,9013,110,4525,1599,3043,8393,64,38,589,919
04/16/2021,32211,1716481,13294,1076761,0.4,18920,695070,0.258,455,7360,7505,5810,5453,3716,1250,662,455,31756,3092,1153,0,17093,15016,102,7974,2706,5882,11427,123,53,1566,2480,386,3477,3084,2320,2098,1290,408,231,386,12908,1033,368,0,6873,6399,22,3207,1126,2357,4018,58,20,972,1536,69,3884,4422,3491,3355,2426,842,431,69,18851,2059,785,0,10220,8620,80,4767,1582,3525,7410,65,33,594,944
04/17/2021,27055,1743536,12326,1089087,0.404,14739,709809,0.263,594,6403,6136,5101,4674,2805,900,442,594,26461,2190,763,0,13780,13171,104,8821,2348,4281,8553,120,43,1151,1738,481,3393,2673,2233,1985,1127,303,131,481,11845,738,237,0,6183,6099,44,3951,1039,1927,3299,53,19,808,1230,113,3012,3466,2869,2691,1679,597,312,113,14626,1453,527,0,7600,7079,60,4871,1310,2358,5257,67,24,344,508
04/18/2021,12814,1756350,3448,1092535,0.406,9367,719176,0.267,192,3140,3109,2340,2165,1287,377,204,192,12622,993,346,0,6545,6179,90,3179,1361,2291,4995,41,25,362,560,155,941,782,627,566,274,69,34,155,3293,177,58,0,1640,1800,8,928,438,537,1236,12,11,183,103,37,2200,2327,1713,1599,1013,308,170,37,9330,816,288,0,4905,4380,82,2251,923,1754,3759,29,14,180,457
04/19/2021,28706,1785056,9067,1101602,0.409,19663,738839,0.274,392,6675,6846,5248,4757,3154,1091,541,392,28312,2566,954,2,14402,14203,101,7105,2820,4424,11806,120,44,1158,1229,323,2637,1800,1551,1460,825,315,155,323,8743,704,288,1,4413,4625,29,2572,905,1800,2704,48,16,675,347,69,4044,5050,3702,3306,2329,776,386,69,19593,1862,666,1,9994,9583,86,4534,1916,2627,9102,72,28,502,882
04/20/2021,32799,1817855,14640,1116242,0.414,18182,757021,0.281,659,7767,7277,6130,6248,3143,1046,529,659,32140,2492,923,0,15954,16720,125,7007,2800,4756,13808,93,55,1729,2551,554,4589,3318,2325,2133,1194,347,180,554,14086,839,303,0,6882,7703,55,3637,1457,2432,4365,48,20,1095,1586,105,3179,3964,3812,4121,1953,699,349,105,18077,1653,620,0,9075,9037,70,3378,1343,2329,9450,45,35,637,965
04/21/2021,28208,1846063,12974,1129216,0.419,15248,772269,0.287,656,7115,6775,4796,4517,2822,1039,487,656,27551,2422,879,1,13752,14348,108,6697,2545,4743,10809,77,41,1451,1845,546,3936,2907,2078,1852,1107,365,182,546,12427,861,319,1,5984,6915,75,3384,1116,2324,4021,38,23,1021,1047,112,3180,3870,2723,2666,1716,675,306,112,15136,1563,561,0,7774,7441,33,3314,1431,2427,6789,39,18,430,800
04/22/2021,32192,1878255,16138,1145354,0.425,16063,788332,0.293,1014,8487,7578,5705,4989,2960,948,510,1014,31177,2293,868,1,16076,15969,147,7108,2672,4932,12885,99,40,1956,2500,892,5028,3537,2554,2306,1234,382,204,892,15245,921,340,1,7969,8092,77,3492,1402,2515,5679,53,21,1362,1614,123,3461,4043,3152,2685,1726,567,306,123,15940,1373,529,0,8115,7878,70,3618,1272,2418,7209,46,19,595,886
04/23/2021,29910,1908165,12994,1158348,0.43,16917,805249,0.299,743,7235,6795,5480,5255,2968,930,504,743,29167,2258,867,0,15179,14617,114,7024,2321,5539,11149,97,44,1613,2123,615,3742,2847,2131,1944,1166,369,180,615,12379,863,324,0,6320,6613,61,3354,1036,2524,3933,45,17,1004,1081,128,3493,3948,3349,3312,1802,561,324,128,16789,1395,543,0,8860,8004,53,3670,1285,3015,7217,52,27,609,1042
04/24/2021,25378,1933543,12978,1171326,0.435,12433,817682,0.304,1091,6539,6146,4493,4028,2241,547,293,1091,24287,1423,509,0,12447,12835,96,7293,2171,3918,8972,101,31,1227,1665,929,3756,2805,2080,1923,1067,278,140,929,12049,727,252,0,6110,6823,45,3706,1184,2303,3837,65,17,859,1007,162,2786,3344,2415,2117,1182,273,154,162,12271,706,260,0,6346,6036,51,3592,987,1639,5137,36,14,368,660
04/25/2021,8650,1942193,4654,1175980,0.437,4000,821682,0.305,382,2369,2062,1430,1300,774,250,83,382,8268,530,180,0,4271,4333,46,2132,996,975,3804,35,13,453,242,348,1413,949,713,658,384,145,44,348,4306,296,104,0,2233,2385,36,1233,483,582,1900,20,5,364,67,34,957,1114,717,643,391,105,39,34,3966,234,76,0,2042,1948,10,899,513,393,1904,15,8,90,178
04/26/2021,23020,1965213,8388,1184368,0.44,14673,836355,0.31,449,5795,5372,4293,3745,2254,739,373,449,22571,1750,643,0,11313,11653,54,5598,2078,3892,8569,70,29,1187,1597,349,2345,1652,1414,1411,770,288,159,349,8039,674,269,0,4058,4306,24,2340,751,1689,2160,28,9,600,811,100,3454,3729,2886,2345,1491,453,215,100,14573,1081,375,0,7271,7372,30,3264,1328,2222,6421,42,20,588,788
04/27/2021,29496,1994709,8934,1193302,0.443,20827,857182,0.318,593,7518,7820,5218,4369,2696,813,469,593,28903,2050,793,0,14599,14807,90,6198,2663,4367,12451,90,46,1679,2002,438,2504,1756,1465,1352,911,309,199,438,8496,795,333,0,4373,4533,28,2625,766,1862,2512,39,19,627,484,155,5076,6135,3786,3063,1824,514,274,155,20672,1283,467,0,10321,10444,62,3622,1922,2556,10058,51,27,1069,1522
04/28/2021,24463,2019172,8815,1202117,0.446,16092,873274,0.324,664,6276,5850,4255,3667,2463,833,455,664,23799,2010,813,0,11949,12446,68,6044,2218,4106,8270,97,38,1571,2119,481,2403,1804,1436,1339,843,327,182,481,8334,781,314,0,4234,4550,31,2693,728,1876,2421,41,11,575,470,183,3939,4131,2885,2415,1682,539,318,183,15909,1331,559,0,7882,8173,37,3420,1512,2359,6042,58,27,1013,1661
04/29/2021,24165,2043337,8568,1210685,0.449,16073,889347,0.33,564,6340,5761,4135,3696,2438,831,400,564,23601,1942,726,0,12010,12066,89,5619,2121,4106,8429,75,34,1529,2252,403,2348,1720,1455,1328,848,304,162,403,8165,726,281,0,4159,4368,41,2367,887,1850,2445,36,10,552,421,161,4069,4121,2744,2448,1663,578,289,161,15912,1350,523,0,8034,7990,49,3329,1256,2402,6187,40,24,997,1838
04/30/2021,26238,2069575,10719,1221404,0.453,16139,905486,0.336,876,6652,6311,4607,4203,2427,755,407,876,25362,1876,678,0,13296,12611,331,6653,2469,4631,8258,103,43,1834,2247,671,2731,2193,1815,1746,1026,346,191,671,10048,837,316,0,5209,5217,293,3251,1176,2235,2640,57,21,790,549,205,4034,4225,2890,2571,1491,455,268,205,15934,1174,430,0,8328,7771,40,3524,1318,2569,5860,50,25,1073,1720
05/01/2021,15737,2085312,5882,1227286,0.456,10215,915701,0.34,852,3878,3652,2858,2562,1407,355,173,852,14885,903,310,0,7824,7793,120,4991,1457,2852,4464,58,30,1343,542,523,1478,1183,1090,922,493,133,60,523,5359,339,113,0,2842,3028,12,2152,542,1184,1321,20,10,453,200,330,2464,2533,1842,1720,965,243,118,330,9885,601,210,0,5118,4989,108,2906,933,1777,3280,38,20,914,347
05/02/2021,6289,2091601,2359,1229645,0.456,4282,919983,0.341,332,1794,1462,991,939,543,140,88,332,5957,359,143,0,3108,3170,11,1471,778,890,2365,36,19,389,341,239,693,461,357,345,183,52,29,239,2120,134,54,0,1127,1227,5,661,247,377,731,16,7,251,69,93,1182,1075,685,663,407,105,72,93,4189,269,112,0,2101,2175,6,890,557,568,1777,21,12,176,281
05/03/2021,16712,2108313,4849,1234494,0.458,12519,932502,0.346,478,4297,3908,2884,2704,1636,516,288,478,16233,1256,483,1,8146,8479,87,4129,1624,2961,5904,68,20,1146,860,234,1189,961,801,830,523,195,116,234,4615,463,189,0,2252,2584,13,1371,333,1159,1333,26,4,391,232,244,3223,3074,2168,2000,1213,381,215,244,12274,927,366,1,6134,6310,75,2905,1319,1935,4849,47,17,802,645
05/04/2021,19962,2128275,6780,1241274,0.461,14020,946522,0.351,591,5413,4752,3259,3068,1942,618,319,591,19371,1552,566,0,9801,10130,31,4733,1654,3288,6754,79,29,1279,2146,273,1798,1391,1085,1047,749,284,153,273,6507,704,273,0,3232,3536,12,1869,447,1498,1974,29,15,534,414,318,3783,3527,2316,2161,1322,385,208,318,13702,1001,360,0,6865,7135,20,2994,1241,1985,5123,50,19,859,1749
05/05/2021,18680,2146955,6811,1248085,0.463,12535,959057,0.356,723,5125,4048,3187,2914,1823,573,287,723,17957,1418,496,0,9184,9466,30,4689,1392,3517,5676,84,28,1327,1967,413,1798,1269,1111,1069,717,285,149,413,6398,702,244,0,3266,3534,11,2036,449,1583,1847,42,15,479,360,310,3449,2892,2170,1978,1210,338,188,310,12225,860,325,0,6151,6365,19,2796,978,2120,4053,44,14,905,1625
05/06/2021,18356,2165311,5698,1253783,0.465,13237,972294,0.361,541,4490,4125,3373,3107,1752,643,325,541,17815,1502,594,0,9366,8945,45,4424,1350,3607,5658,67,35,1306,1909,236,1490,1187,930,918,574,250,113,236,5462,555,219,0,2737,2947,14,1646,381,1372,1492,40,14,441,312,305,3110,3045,2539,2284,1262,450,242,305,12932,1060,435,0,6845,6359,33,2915,985,2391,4375,27,23,911,1610
05/07/2021,19040,2184351,6273,1260056,0.468,13362,985656,0.366,670,5052,4235,3250,3074,1886,582,291,670,18370,1453,499,0,9873,9139,28,4864,1628,3774,5527,77,27,1364,1779,362,1723,1230,994,988,639,215,122,362,5911,549,207,0,3140,3127,6,1898,461,1535,1583,31,5,486,274,308,3472,3102,2340,2202,1334,404,200,308,13054,1009,334,0,6979,6361,22,3121,1192,2381,4149,48,22,929,1520
05/08/2021,15393,2199744,4386,1264442,0.469,11592,997248,0.37,843,3982,3380,2862,2497,1338,344,147,843,14550,860,261,0,7600,7737,56,5658,1223,2602,3582,58,27,961,1282,342,1077,911,766,740,397,110,43,342,4044,264,80,0,2087,2283,16,1700,304,919,942,18,7,328,168,502,3024,2601,2199,1886,1007,261,112,502,11090,649,197,0,5701,5848,43,4113,953,1834,2815,41,21,692,1123
05/09/2021,4275,2204019,1824,1266266,0.47,2912,1000160,0.371,242,1237,959,727,617,360,92,41,242,4033,220,73,0,2000,2269,6,1095,540,716,1631,19,9,183,82,123,497,376,310,275,174,47,22,123,1701,106,39,0,822,997,5,531,188,343,610,10,3,98,41,119,846,683,505,442,232,58,27,119,2793,143,45,0,1343,1563,6,659,375,441,1251,10,7,128,41
05/10/2021,12016,2216035,4039,1270305,0.472,8806,1008966,0.375,373,3245,2367,2020,2049,1297,439,226,373,11643,1028,396,0,5813,6150,53,3123,1184,2748,3543,43,16,898,461,110,1090,736,690,706,432,182,93,110,3929,417,164,0,1814,2196,29,1100,424,1051,961,13,3,328,159,264,2332,1790,1462,1518,968,307,165,264,8542,727,285,0,4293,4481,32,2199,794,1881,2926,32,15,646,313
05/11/2021,18616,2234651,5310,1275615,0.474,13802,1022768,0.38,690,5526,4073,3016,2807,1638,571,295,690,17926,1347,496,0,8821,9748,47,4750,1552,3593,5605,68,25,1307,1716,288,1479,981,887,813,537,229,96,288,5022,529,178,0,2544,2753,13,1501,364,1419,1377,20,6,352,271,402,4142,3185,2223,2092,1159,377,222,402,13400,901,359,0,6443,7324,35,3353,1220,2296,4416,49,20,988,1460
05/12/2021,17270,2251921,5487,1281102,0.476,12301,1035069,0.384,768,4989,3706,2858,2560,1597,547,245,768,16502,1278,438,0,8325,8861,84,4754,1333,3533,5198,58,27,1327,1040,351,1497,1015,912,836,571,206,99,351,5136,487,173,0,2730,2751,6,1680,381,1521,1289,16,3,392,205,418,3617,2769,2027,1818,1101,384,167,418,11883,888,306,0,5776,6447,78,3194,966,2163,4098,44,24,970,842
05/13/2021,23208,2275129,8110,1289212,0.479,15442,1050511,0.39,3810,5916,4524,3450,2973,1692,547,296,3810,19398,1320,516,0,11713,11398,97,5512,1876,4145,7673,70,33,1890,2009,3066,1426,1092,877,819,511,208,111,3066,5044,477,194,0,4141,3942,27,2173,548,1909,2434,30,7,643,366,744,4540,3497,2631,2217,1243,366,204,744,14698,917,351,0,7698,7672,72,3419,1343,2338,5325,41,26,1299,1651
05/14/2021,21881,2297010,9397,1298609,0.482,12966,1063477,0.395,4427,5106,4008,2956,2904,1707,495,278,4427,17454,1282,449,0,10978,10838,65,5746,1766,4385,6806,88,43,1771,1276,3866,1597,1225,923,916,544,213,113,3866,5531,521,194,0,4779,4605,13,2648,606,2008,2892,39,22,732,450,561,3621,2878,2103,2080,1232,303,188,561,12405,823,289,0,6393,6520,53,3208,1173,2519,4062,51,22,1085,846
05/15/2021,20395,2317405,9104,1307713,0.485,11724,1075201,0.399,5527,4447,3385,2703,2383,1439,360,151,5527,14868,898,283,0,10063,10281,51,6061,1633,3670,5994,76,30,1504,1427,4657,1271,918,904,760,435,116,43,4657,4447,292,84,0,4525,4558,21,2988,616,1769,2579,39,20,697,396,872,3264,2551,1896,1702,1072,256,111,872,10852,643,205,0,5686,6007,31,3187,1029,2065,3509,38,11,841,1044
05/16/2021,9136,2326541,4755,1312468,0.487,4688,1079889,0.401,2774,2073,1413,1177,983,489,156,71,2774,6362,356,124,0,4367,4717,52,2851,764,1267,3240,31,15,678,290,2455,703,468,482,343,204,62,38,2455,2300,160,56,0,2301,2439,15,1669,317,719,1510,15,7,316,202,319,1426,1002,763,701,328,108,41,319,4369,233,79,0,2191,2453,44,1285,457,592,1840,19,8,392,95
05/17/2021,17366,2343907,7996,1320464,0.49,9954,1089843,0.405,2442,4539,3203,2627,2455,1401,474,225,2442,14924,1108,411,0,8309,8997,60,4992,1517,3429,4928,76,21,1288,1115,2098,1776,1332,1011,937,574,195,73,2098,5898,445,153,0,3836,4130,30,2275,689,1729,2261,31,16,692,303,345,2885,2002,1726,1627,893,306,170,345,9609,724,287,0,4681,5239,34,2915,847,1822,2843,48,5,652,822
05/18/2021,17889,2361796,8552,1329016,0.493,9843,1099686,0.408,2520,4492,3332,2711,2469,1577,511,277,2520,15369,1242,463,0,8671,9149,69,5443,1703,3650,4720,60,25,1358,930,2104,1899,1453,1116,977,659,229,115,2104,6448,542,184,0,4133,4377,42,2548,714,1882,2203,32,15,765,393,416,2675,1970,1689,1584,998,319,192,416,9427,788,316,0,4714,5096,33,3017,1003,1900,2696,30,10,640,547
05/19/2021,17649,2379445,9564,1338580,0.497,8651,1108337,0.411,3374,4269,3093,2480,2287,1447,461,237,3374,14274,1141,416,1,8628,8959,62,5486,1483,3858,4586,75,21,1323,817,2951,2099,1419,1167,989,641,191,106,2951,6612,512,170,1,4712,4801,51,2946,839,2146,2392,37,13,830,361,423,2292,1775,1424,1402,872,302,161,423,8228,717,285,0,4117,4521,13,2666,660,1857,2399,39,8,547,475
05/20/2021,14070,2393515,6832,1345412,0.499,7727,1116064,0.414,2096,3433,2528,2144,2037,1232,401,199,2096,11974,986,335,0,6946,7089,35,4577,1028,3037,3584,48,26,1067,703,1772,1503,1151,863,815,466,169,93,1772,5060,415,150,0,3381,3434,17,2287,442,1542,1676,22,10,588,265,325,2043,1480,1375,1314,819,253,118,325,7402,627,207,0,3748,3959,20,2425,597,1612,2074,26,16,525,452
05/21/2021,17418,2410933,8218,1353630,0.502,9692,1125756,0.418,2517,4040,3344,2743,2522,1523,506,223,2517,14901,1214,427,0,8825,8537,56,5386,1379,3805,4556,62,33,1385,812,2057,1690,1390,1101,991,636,240,113,2057,6161,582,211,0,4171,4016,31,2644,593,1884,2037,27,13,670,350,460,2452,2086,1742,1608,939,288,117,460,9232,681,231,0,4833,4826,33,2887,804,2013,2699,35,21,757,476
05/22/2021,14466,2425399,7431,1361061,0.505,7408,1133164,0.421,3297,3132,2420,2239,1947,1037,264,130,3297,11169,728,234,0,6949,7164,353,5596,1154,2822,3265,73,22,940,594,2720,1354,1017,947,801,420,132,40,2720,4711,308,92,0,3672,3699,60,2915,554,1552,1536,30,10,510,324,577,1860,1482,1380,1214,656,144,95,577,6831,450,153,0,3411,3702,295,2814,613,1349,1831,43,13,449,296
05/24/2021,11253,2442391,5555,1370127,0.509,6179,1141816,0.424,1445,2834,2013,1785,1677,1021,330,148,1445,9808,824,272,0,5400,5834,19,3659,883,2506,2815,56,12,823,499,1160,1310,933,782,684,465,159,62,1160,4395,400,123,0,2689,2854,12,1799,399,1327,1309,33,8,436,244,285,1627,1183,1108,1072,625,187,92,285,5894,476,162,0,2871,3300,8,1979,499,1295,1675,24,5,423,279
05/25/2021,11869,2454260,5289,1375416,0.511,6976,1148792,0.426,1264,2958,2362,1891,1689,1068,426,211,1264,10605,979,385,0,5869,5975,25,3867,850,2749,2855,72,22,831,623,1054,1276,937,772,628,374,173,75,1054,4235,389,144,0,2581,2696,12,1864,329,1289,1140,36,10,370,251,210,1769,1514,1204,1132,730,272,145,210,6766,630,259,0,3426,3537,13,2107,534,1535,1856,37,12,501,394
05/26/2021,12527,2466787,6250,1381666,0.513,6652,1155444,0.429,2021,3232,2208,1828,1625,1031,392,190,2021,10506,961,328,0,6272,6243,12,4256,860,2980,2975,64,20,808,564,1670,1413,996,811,707,407,170,76,1670,4580,394,146,0,3135,3111,4,2192,401,1621,1312,37,9,430,248,351,1910,1292,1100,978,663,237,121,351,6301,601,194,0,3268,3376,8,2168,470,1453,1774,29,11,406,341
05/27/2021,10301,2477088,4849,1386515,0.515,5780,1161224,0.431,1290,2588,2008,1599,1437,909,307,163,1290,9011,751,277,0,5079,5191,31,3512,811,2402,2367,44,18,689,458,1085,1143,863,667,547,346,127,71,1085,3764,317,123,0,2402,2442,5,1806,324,1208,963,22,8,318,200,205,1504,1236,996,952,594,194,99,205,5575,465,167,0,2787,2967,26,1823,498,1262,1498,22,11,390,276
05/23/2021,5739,2431138,3511,1364572,0.507,2473,1135637,0.422,1421,1363,970,821,637,372,117,38,1421,4318,283,86,0,2860,2848,31,1640,542,1026,1795,23,16,441,256,1194,732,541,440,319,203,61,21,1194,2317,156,42,0,1745,1742,24,1053,321,698,998,17,8,245,171,227,690,496,423,365,193,62,17,227,2246,140,47,0,1196,1268,9,653,227,382,878,7,8,210,108
05/28/2021,11653,2488741,4674,1391189,0.516,7362,1168586,0.434,1449,2800,2171,1925,1751,1039,334,184,1449,10204,852,315,0,5901,5733,19,4275,1115,2612,2263,55,9,863,461,1089,1058,787,643,575,332,122,68,1089,3585,314,115,0,2314,2348,12,1724,320,1094,957,27,6,340,206,360,1831,1481,1372,1238,734,222,124,360,7002,566,211,0,3725,3628,9,2689,809,1604,1407,28,4,553,268
05/29/2021,8102,2496843,4578,1395767,0.518,3864,1172450,0.435,1543,1809,1383,1341,1159,630,163,74,1543,6559,426,133,0,3957,4135,10,3401,743,1473,1596,39,13,506,331,1282,960,723,653,542,309,70,39,1282,3296,210,62,0,2235,2335,8,1765,483,862,943,17,5,311,192,261,933,728,754,683,366,101,38,261,3603,242,77,0,1846,2014,4,1740,268,682,773,25,9,215,152
05/30/2021,3026,2499869,1709,1397476,0.519,1509,1173959,0.436,422,821,590,441,402,238,72,40,422,2604,174,55,0,1438,1582,6,1005,359,591,793,15,6,119,138,325,423,332,248,211,112,36,22,325,1384,88,29,0,808,895,6,586,160,350,417,4,2,90,100,97,456,307,223,227,138,40,21,97,1412,97,30,0,699,808,2,495,203,278,430,11,4,39,49
05/31/2021,730,2500599,388,1397864,0.519,420,1174379,0.436,121,163,136,125,103,60,15,7,121,609,39,12,0,363,365,2,289,64,173,131,3,0,38,32,74,79,85,62,56,23,7,2,74,314,15,5,0,191,195,2,140,38,94,71,2,0,21,22,47,101,74,76,65,43,9,5,47,373,27,7,0,199,220,1,178,31,98,76,1,0,23,13
06/01/2021,10764,2511363,4771,1402635,0.521,6338,1180717,0.438,1301,2805,1964,1694,1506,1014,332,148,1301,9463,839,288,0,5279,5468,17,3464,757,2667,2627,51,19,737,442,779,1269,867,674,586,395,122,79,779,3992,326,134,0,2328,2433,10,1452,367,1227,1101,23,9,395,197,522,1624,1171,1089,980,653,221,78,522,5816,549,169,0,3068,3261,9,2112,395,1530,1644,28,10,361,258
06/02/2021,10464,2521827,5427,1408062,0.523,5316,1186033,0.44,1684,2480,1758,1594,1457,990,335,166,1684,8780,840,294,0,5266,5181,17,3520,676,2650,2425,73,21,766,333,1216,1229,887,750,691,446,142,66,1216,4211,362,124,0,2729,2691,7,1889,405,1418,1125,36,15,410,129,468,1323,927,896,814,573,205,110,468,4848,509,182,0,2653,2653,10,1719,280,1292,1388,37,6,382,212
06/03/2021,11221,2533048,4634,1412696,0.524,6897,1192930,0.443,2886,2272,1845,1468,1363,882,338,167,2886,8335,795,299,0,5709,5485,27,3362,708,2821,3010,73,15,789,443,1028,1043,818,619,531,388,143,64,1028,3606,350,110,0,2372,2257,5,1465,271,1226,1077,31,3,370,191,1858,1295,1100,922,883,528,202,109,1858,5039,470,199,0,3453,3422,22,2009,450,1666,2026,42,12,434,258
06/04/2021,12046,2545094,4424,1417120,0.526,7957,1200887,0.446,4257,2289,1748,1400,1261,738,241,112,4257,7789,599,199,0,6222,5805,19,4032,843,2582,3213,48,16,837,475,1075,1005,761,604,530,300,101,48,1075,3349,263,93,0,2291,2125,8,1638,315,1076,833,12,3,359,188,3182,1363,1087,859,777,467,155,67,3182,4775,369,113,0,4058,3887,12,2527,536,1572,2467,36,13,499,307
06/05/2021,10672,2555766,4106,1421226,0.528,6842,1207729,0.448,4677,1704,1315,1173,1019,539,181,64,4677,5995,407,141,0,5308,5344,20,4111,723,2055,2640,44,27,638,434,1350,825,620,531,426,223,95,36,1350,2756,201,79,0,2006,2092,8,1774,253,882,758,20,8,241,170,3327,944,770,693,636,342,99,31,3327,3515,233,70,0,3414,3414,14,2438,477,1236,1944,25,19,418,285
06/06/2021,6170,2561936,1877,1423103,0.528,4470,1212199,0.45,3135,940,661,617,429,271,81,36,3135,3035,193,64,0,3060,3099,11,2246,514,1008,1891,17,13,282,199,658,366,291,235,182,106,25,14,658,1219,80,24,0,907,967,3,699,166,342,478,8,6,100,78,2477,619,412,412,276,189,61,24,2477,1993,131,44,0,2218,2244,8,1622,353,700,1451,9,7,196,132
06/07/2021,10191,2572127,3681,1426784,0.53,6881,1219080,0.453,2710,2257,1690,1258,1218,712,245,101,2710,7481,575,191,0,5015,5154,22,3055,1024,2433,2528,57,21,810,263,680,905,702,528,455,268,95,48,680,3001,233,78,0,1789,1885,7,1273,306,940,711,14,6,300,131,2031,1445,1094,797,820,472,164,58,2031,4850,371,122,0,3357,3506,18,1932,722,1582,1899,44,15,543,144
06/08/2021,10212,2582339,3541,1430325,0.531,7011,1226091,0.455,2489,2328,1639,1415,1205,753,271,112,2489,7723,614,210,0,5039,5125,48,3566,793,2364,2304,53,13,781,338,654,853,593,541,456,294,108,42,654,2887,242,87,0,1744,1782,15,1304,218,882,698,28,1,279,131,1835,1564,1121,936,806,498,171,80,1835,5176,403,136,0,3413,3562,36,2381,580,1568,1702,26,12,527,215
06/09/2021,9108,2591447,3118,1433443,0.532,6184,1232275,0.457,2977,1805,1308,1163,946,628,202,79,2977,6131,486,149,0,4627,4460,21,3285,691,2285,1855,54,10,691,237,855,634,516,422,340,224,91,36,855,2263,204,72,0,1566,1549,3,1213,205,868,513,17,2,198,102,2122,1223,847,768,635,426,119,44,2122,4062,297,80,0,3134,3031,19,2138,494,1472,1387,38,8,500,147
06/10/2021,7796,2599243,3063,1436506,0.533,4994,1237269,0.459,2003,1658,1355,948,927,591,206,108,2003,5793,517,183,0,3910,3873,13,2718,521,2042,1676,36,15,478,310,645,670,596,382,384,237,97,52,645,2418,231,89,0,1508,1550,5,1155,171,857,546,16,6,136,176,1360,1050,828,612,577,378,122,67,1360,3634,318,109,0,2497,2488,9,1649,353,1253,1200,24,9,348,158
