OBJECTID,id,Source,Received_Date,Total_Allocated,Vaccinated,Re_Allocated,Date_Updated,Date_str,Today
1,1,NRG,2020/12/23 05:00:00+00,0,0,0,2021/06/22 05:00:00+00,12/23/2020,6/22/2021
2,2,NRG,2020/12/24 05:00:00+00,0,0,0,2021/06/22 05:00:00+00,12/24/2020,6/22/2021
3,3,NRG,2020/12/25 05:00:00+00,0,0,0,2021/06/22 05:00:00+00,12/25/2020,6/22/2021
4,4,NRG,2020/12/26 05:00:00+00,0,0,0,2021/06/22 05:00:00+00,12/26/2020,6/22/2021
5,5,NRG,2020/12/27 05:00:00+00,0,0,0,2021/06/22 05:00:00+00,12/27/2020,6/22/2021
6,6,NRG,2020/12/28 05:00:00+00,0,0,0,2021/06/22 05:00:00+00,12/28/2020,6/22/2021
7,7,NRG,2020/12/29 05:00:00+00,0,0,0,2021/06/22 05:00:00+00,12/29/2020,6/22/2021
8,8,NRG,2020/12/30 05:00:00+00,0,0,0,2021/06/22 05:00:00+00,12/30/2020,6/22/2021
9,9,NRG,2020/12/31 05:00:00+00,0,0,0,2021/06/22 05:00:00+00,12/31/2020,6/22/2021
10,10,NRG,2021/01/01 05:00:00+00,0,0,0,2021/06/22 05:00:00+00,1/1/2021,6/22/2021
11,11,NRG,2021/01/02 05:00:00+00,0,0,0,2021/06/22 05:00:00+00,1/2/2021,6/22/2021
12,12,NRG,2021/01/03 05:00:00+00,0,0,0,2021/06/22 05:00:00+00,1/3/2021,6/22/2021
13,13,NRG,2021/01/04 05:00:00+00,0,0,0,2021/06/22 05:00:00+00,1/4/2021,6/22/2021
14,14,NRG,2021/01/05 05:00:00+00,0,0,0,2021/06/22 05:00:00+00,1/5/2021,6/22/2021
15,15,NRG,2021/01/06 05:00:00+00,0,0,0,2021/06/22 05:00:00+00,1/6/2021,6/22/2021
16,16,NRG,2021/01/07 05:00:00+00,0,0,0,2021/06/22 05:00:00+00,1/7/2021,6/22/2021
17,17,NRG,2021/01/08 05:00:00+00,0,0,0,2021/06/22 05:00:00+00,1/8/2021,6/22/2021
18,18,NRG,2021/01/09 05:00:00+00,0,0,0,2021/06/22 05:00:00+00,1/9/2021,6/22/2021
19,19,NRG,2021/01/10 05:00:00+00,0,0,0,2021/06/22 05:00:00+00,1/10/2021,6/22/2021
20,20,NRG,2021/01/11 05:00:00+00,0,0,0,2021/06/22 05:00:00+00,1/11/2021,6/22/2021
21,21,NRG,2021/01/12 05:00:00+00,0,0,0,2021/06/22 05:00:00+00,1/12/2021,6/22/2021
22,22,NRG,2021/01/13 05:00:00+00,0,0,0,2021/06/22 05:00:00+00,1/13/2021,6/22/2021
23,23,NRG,2021/01/14 05:00:00+00,0,0,0,2021/06/22 05:00:00+00,1/14/2021,6/22/2021
24,24,NRG,2021/01/15 05:00:00+00,0,0,0,2021/06/22 05:00:00+00,1/15/2021,6/22/2021
25,25,NRG,2021/01/16 05:00:00+00,0,0,0,2021/06/22 05:00:00+00,1/16/2021,6/22/2021
26,26,NRG,2021/01/17 05:00:00+00,0,0,0,2021/06/22 05:00:00+00,1/17/2021,6/22/2021
27,27,NRG,2021/01/18 05:00:00+00,0,0,0,2021/06/22 05:00:00+00,1/18/2021,6/22/2021
28,28,NRG,2021/01/19 05:00:00+00,0,0,0,2021/06/22 05:00:00+00,1/19/2021,6/22/2021
29,29,NRG,2021/01/20 05:00:00+00,0,0,0,2021/06/22 05:00:00+00,1/20/2021,6/22/2021
30,30,NRG,2021/01/21 05:00:00+00,0,0,0,2021/06/22 05:00:00+00,1/21/2021,6/22/2021
31,31,NRG,2021/01/22 05:00:00+00,0,0,0,2021/06/22 05:00:00+00,1/22/2021,6/22/2021
32,32,NRG,2021/01/23 05:00:00+00,0,0,0,2021/06/22 05:00:00+00,1/23/2021,6/22/2021
33,33,NRG,2021/01/24 05:00:00+00,0,0,0,2021/06/22 05:00:00+00,1/24/2021,6/22/2021
34,34,NRG,2021/01/25 05:00:00+00,0,0,0,2021/06/22 05:00:00+00,1/25/2021,6/22/2021
35,35,NRG,2021/01/26 05:00:00+00,0,0,0,2021/06/22 05:00:00+00,1/26/2021,6/22/2021
36,36,NRG,2021/01/27 05:00:00+00,0,0,0,2021/06/22 05:00:00+00,1/27/2021,6/22/2021
37,37,NRG,2021/01/28 05:00:00+00,0,0,0,2021/06/22 05:00:00+00,1/28/2021,6/22/2021
38,38,NRG,2021/01/29 05:00:00+00,0,0,0,2021/06/22 05:00:00+00,1/29/2021,6/22/2021
39,39,NRG,2021/01/30 05:00:00+00,0,0,0,2021/06/22 05:00:00+00,1/30/2021,6/22/2021
40,40,NRG,2021/01/31 05:00:00+00,0,0,0,2021/06/22 05:00:00+00,1/31/2021,6/22/2021
41,41,NRG,2021/02/01 05:00:00+00,0,0,0,2021/06/22 05:00:00+00,2/1/2021,6/22/2021
42,42,NRG,2021/02/02 05:00:00+00,0,0,0,2021/06/22 05:00:00+00,2/2/2021,6/22/2021
43,43,NRG,2021/02/03 05:00:00+00,0,0,0,2021/06/22 05:00:00+00,2/3/2021,6/22/2021
44,44,NRG,2021/02/04 05:00:00+00,0,0,0,2021/06/22 05:00:00+00,2/4/2021,6/22/2021
45,45,NRG,2021/02/05 05:00:00+00,0,0,0,2021/06/22 05:00:00+00,2/5/2021,6/22/2021
46,46,NRG,2021/02/06 05:00:00+00,0,0,0,2021/06/22 05:00:00+00,2/6/2021,6/22/2021
47,47,NRG,2021/02/07 05:00:00+00,0,0,0,2021/06/22 05:00:00+00,2/7/2021,6/22/2021
48,48,NRG,2021/02/08 05:00:00+00,0,0,0,2021/06/22 05:00:00+00,2/8/2021,6/22/2021
49,49,NRG,2021/02/09 05:00:00+00,0,0,0,2021/06/22 05:00:00+00,2/9/2021,6/22/2021
50,50,NRG,2021/02/10 05:00:00+00,0,0,0,2021/06/22 05:00:00+00,2/10/2021,6/22/2021
51,51,NRG,2021/02/11 05:00:00+00,0,0,0,2021/06/22 05:00:00+00,2/11/2021,6/22/2021
52,52,NRG,2021/02/12 05:00:00+00,0,0,0,2021/06/22 05:00:00+00,2/12/2021,6/22/2021
53,53,NRG,2021/02/13 05:00:00+00,0,0,0,2021/06/22 05:00:00+00,2/13/2021,6/22/2021
54,54,NRG,2021/02/14 05:00:00+00,0,0,0,2021/06/22 05:00:00+00,2/14/2021,6/22/2021
55,55,NRG,2021/02/15 05:00:00+00,0,0,0,2021/06/22 05:00:00+00,2/15/2021,6/22/2021
56,56,NRG,2021/02/16 05:00:00+00,0,0,0,2021/06/22 05:00:00+00,2/16/2021,6/22/2021
57,57,NRG,2021/02/17 05:00:00+00,0,0,0,2021/06/22 05:00:00+00,2/17/2021,6/22/2021
58,58,NRG,2021/02/18 05:00:00+00,0,0,0,2021/06/22 05:00:00+00,2/18/2021,6/22/2021
59,59,NRG,2021/02/19 05:00:00+00,0,0,0,2021/06/22 05:00:00+00,2/19/2021,6/22/2021
60,60,NRG,2021/02/20 05:00:00+00,0,0,0,2021/06/22 05:00:00+00,2/20/2021,6/22/2021
61,61,NRG,2021/02/21 05:00:00+00,0,0,0,2021/06/22 05:00:00+00,2/21/2021,6/22/2021
62,62,NRG,2021/02/22 05:00:00+00,0,0,0,2021/06/22 05:00:00+00,2/22/2021,6/22/2021
63,63,NRG,2021/02/23 05:00:00+00,42120,123,0,2021/06/22 05:00:00+00,2/23/2021,6/22/2021
64,64,NRG,2021/02/24 05:00:00+00,42120,5647,0,2021/06/22 05:00:00+00,2/24/2021,6/22/2021
65,65,NRG,2021/02/25 05:00:00+00,42120,11543,0,2021/06/22 05:00:00+00,2/25/2021,6/22/2021
66,66,NRG,2021/02/26 05:00:00+00,42120,17337,0,2021/06/22 05:00:00+00,2/26/2021,6/22/2021
67,67,NRG,2021/02/27 05:00:00+00,42120,23134,0,2021/06/22 05:00:00+00,2/27/2021,6/22/2021
68,68,NRG,2021/02/28 05:00:00+00,42120,28882,0,2021/06/22 05:00:00+00,2/28/2021,6/22/2021
69,69,NRG,2021/03/01 05:00:00+00,84240,34301,0,2021/06/22 05:00:00+00,3/1/2021,6/22/2021
70,70,NRG,2021/03/02 05:00:00+00,84240,40045,0,2021/06/22 05:00:00+00,3/2/2021,6/22/2021
71,71,NRG,2021/03/03 05:00:00+00,84240,46018,0,2021/06/22 05:00:00+00,3/3/2021,6/22/2021
72,72,NRG,2021/03/04 05:00:00+00,84240,51949,0,2021/06/22 05:00:00+00,3/4/2021,6/22/2021
73,73,NRG,2021/03/05 05:00:00+00,84240,58158,0,2021/06/22 05:00:00+00,3/5/2021,6/22/2021
74,74,NRG,2021/03/06 05:00:00+00,84240,64309,0,2021/06/22 05:00:00+00,3/6/2021,6/22/2021
75,75,NRG,2021/03/07 05:00:00+00,84240,70255,0,2021/06/22 05:00:00+00,3/7/2021,6/22/2021
76,76,NRG,2021/03/08 05:00:00+00,126360,76476,0,2021/06/22 05:00:00+00,3/8/2021,6/22/2021
77,77,NRG,2021/03/09 05:00:00+00,126360,82841,0,2021/06/22 05:00:00+00,3/9/2021,6/22/2021
78,78,NRG,2021/03/10 05:00:00+00,126360,89000,0,2021/06/22 05:00:00+00,3/10/2021,6/22/2021
79,79,NRG,2021/03/11 05:00:00+00,126360,95487,0,2021/06/22 05:00:00+00,3/11/2021,6/22/2021
80,80,NRG,2021/03/12 05:00:00+00,126360,101732,0,2021/06/22 05:00:00+00,3/12/2021,6/22/2021
81,81,NRG,2021/03/13 05:00:00+00,126360,107998,0,2021/06/22 05:00:00+00,3/13/2021,6/22/2021
82,82,NRG,2021/03/14 05:00:00+00,126360,114264,0,2021/06/22 05:00:00+00,3/14/2021,6/22/2021
83,83,NRG,2021/03/15 05:00:00+00,126360,120477,0,2021/06/22 05:00:00+00,3/15/2021,6/22/2021
84,84,NRG,2021/03/16 05:00:00+00,126360,126420,0,2021/06/22 05:00:00+00,3/16/2021,6/22/2021
85,85,NRG,2021/03/17 05:00:00+00,126360,132043,0,2021/06/22 05:00:00+00,3/17/2021,6/22/2021
86,86,NRG,2021/03/18 05:00:00+00,126360,136147,0,2021/06/22 05:00:00+00,3/18/2021,6/22/2021
87,87,NRG,2021/03/19 05:00:00+00,126360,142385,0,2021/06/22 05:00:00+00,3/19/2021,6/22/2021
88,88,NRG,2021/03/20 05:00:00+00,126360,145469,0,2021/06/22 05:00:00+00,3/20/2021,6/22/2021
89,89,NRG,2021/03/21 05:00:00+00,126360,151239,0,2021/06/22 05:00:00+00,3/21/2021,6/22/2021
90,90,NRG,2021/03/22 05:00:00+00,126360,156002,0,2021/06/22 05:00:00+00,3/22/2021,6/22/2021
91,91,NRG,2021/03/23 05:00:00+00,210600,161374,0,2021/06/22 05:00:00+00,3/23/2021,6/22/2021
92,92,NRG,2021/03/24 05:00:00+00,210600,167147,0,2021/06/22 05:00:00+00,3/24/2021,6/22/2021
93,93,NRG,2021/03/25 05:00:00+00,210600,172134,0,2021/06/22 05:00:00+00,3/25/2021,6/22/2021
94,94,NRG,2021/03/26 05:00:00+00,210600,178107,0,2021/06/22 05:00:00+00,3/26/2021,6/22/2021
95,95,NRG,2021/03/27 05:00:00+00,210600,184489,0,2021/06/22 05:00:00+00,3/27/2021,6/22/2021
96,96,NRG,2021/03/28 05:00:00+00,210600,191002,0,2021/06/22 05:00:00+00,3/28/2021,6/22/2021
97,97,NRG,2021/03/29 05:00:00+00,210600,196514,0,2021/06/22 05:00:00+00,3/29/2021,6/22/2021
98,98,NRG,2021/03/30 05:00:00+00,210600,202554,0,2021/06/22 05:00:00+00,3/30/2021,6/22/2021
99,99,NRG,2021/03/31 05:00:00+00,210600,208727,0,2021/06/22 05:00:00+00,3/31/2021,6/22/2021
100,100,NRG,2021/04/01 05:00:00+00,294720,215027,0,2021/06/22 05:00:00+00,4/1/2021,6/22/2021
101,101,NRG,2021/04/02 05:00:00+00,294720,221710,0,2021/06/22 05:00:00+00,4/2/2021,6/22/2021
102,102,NRG,2021/04/03 05:00:00+00,294720,227647,0,2021/06/22 05:00:00+00,4/3/2021,6/22/2021
103,103,NRG,2021/04/04 05:00:00+00,294720,227647,0,2021/06/22 05:00:00+00,4/4/2021,6/22/2021
104,104,NRG,2021/04/05 05:00:00+00,294720,234682,0,2021/06/22 05:00:00+00,4/5/2021,6/22/2021
105,105,NRG,2021/04/06 05:00:00+00,294720,241658,0,2021/06/22 05:00:00+00,4/6/2021,6/22/2021
106,106,NRG,2021/04/07 05:00:00+00,294720,245106,0,2021/06/22 05:00:00+00,4/7/2021,6/22/2021
107,107,NRG,2021/04/08 05:00:00+00,294720,248640,0,2021/06/22 05:00:00+00,4/8/2021,6/22/2021
108,108,NRG,2021/04/09 05:00:00+00,336720,254984,0,2021/06/22 05:00:00+00,4/9/2021,6/22/2021
109,109,NRG,2021/04/10 05:00:00+00,336720,261093,0,2021/06/22 05:00:00+00,4/10/2021,6/22/2021
110,110,NRG,2021/04/11 05:00:00+00,336720,267019,0,2021/06/22 05:00:00+00,4/11/2021,6/22/2021
111,111,NRG,2021/04/12 05:00:00+00,336720,271013,0,2021/06/22 05:00:00+00,4/12/2021,6/22/2021
112,112,NRG,2021/04/13 05:00:00+00,342570,273689,0,2021/06/22 05:00:00+00,4/13/2021,6/22/2021
113,113,NRG,2021/04/14 05:00:00+00,369480,276256,0,2021/06/22 05:00:00+00,4/14/2021,6/22/2021
114,114,NRG,2021/04/15 05:00:00+00,372480,278817,0,2021/06/22 05:00:00+00,4/15/2021,6/22/2021
115,115,NRG,2021/04/16 05:00:00+00,372480,283467,0,2021/06/22 05:00:00+00,4/16/2021,6/22/2021
116,116,NRG,2021/04/17 05:00:00+00,372480,286490,0,2021/06/22 05:00:00+00,4/17/2021,6/22/2021
117,117,NRG,2021/04/18 05:00:00+00,372480,287965,0,2021/06/22 05:00:00+00,4/18/2021,6/22/2021
118,118,NRG,2021/04/19 05:00:00+00,414600,288666,0,2021/06/22 05:00:00+00,4/19/2021,6/22/2021
119,119,NRG,2021/04/20 05:00:00+00,414600,290128,0,2021/06/22 05:00:00+00,4/20/2021,6/22/2021
120,120,NRG,2021/04/21 05:00:00+00,414600,292899,0,2021/06/22 05:00:00+00,4/21/2021,6/22/2021
121,121,NRG,2021/04/22 05:00:00+00,414600,295007,0,2021/06/22 05:00:00+00,4/22/2021,6/22/2021
122,122,NRG,2021/04/23 05:00:00+00,414600,297394,0,2021/06/22 05:00:00+00,4/23/2021,6/22/2021
123,123,NRG,2021/04/24 05:00:00+00,414600,299227,0,2021/06/22 05:00:00+00,4/24/2021,6/22/2021
124,124,NRG,2021/04/25 05:00:00+00,414600,300580,0,2021/06/22 05:00:00+00,4/25/2021,6/22/2021
125,125,NRG,2021/04/26 05:00:00+00,414600,302039,0,2021/06/22 05:00:00+00,4/26/2021,6/22/2021
126,126,NRG,2021/04/27 05:00:00+00,414600,303292,0,2021/06/22 05:00:00+00,4/27/2021,6/22/2021
127,127,NRG,2021/04/28 05:00:00+00,414600,304597,0,2021/06/22 05:00:00+00,4/28/2021,6/22/2021
128,128,NRG,2021/04/29 05:00:00+00,414600,305852,0,2021/06/22 05:00:00+00,4/29/2021,6/22/2021
129,129,NRG,2021/04/30 05:00:00+00,414600,307355,0,2021/06/22 05:00:00+00,4/30/2021,6/22/2021
130,130,NRG,2021/05/01 05:00:00+00,414600,309077,0,2021/06/22 05:00:00+00,5/1/2021,6/22/2021
131,131,NRG,2021/05/02 05:00:00+00,414600,310392,0,2021/06/22 05:00:00+00,5/2/2021,6/22/2021
132,132,NRG,2021/05/03 05:00:00+00,414600,311552,0,2021/06/22 05:00:00+00,5/3/2021,6/22/2021
133,133,NRG,2021/05/04 05:00:00+00,456720,313461,0,2021/06/22 05:00:00+00,5/4/2021,6/22/2021
134,134,NRG,2021/05/05 05:00:00+00,456720,315572,0,2021/06/22 05:00:00+00,5/5/2021,6/22/2021
135,135,NRG,2021/05/06 05:00:00+00,456720,317942,0,2021/06/22 05:00:00+00,5/6/2021,6/22/2021
136,136,NRG,2021/05/07 05:00:00+00,456720,321638,0,2021/06/22 05:00:00+00,5/7/2021,6/22/2021
137,137,NRG,2021/05/08 05:00:00+00,456720,324848,0,2021/06/22 05:00:00+00,5/8/2021,6/22/2021
138,138,NRG,2021/05/09 05:00:00+00,456720,327155,0,2021/06/22 05:00:00+00,5/9/2021,6/22/2021
139,139,NRG,2021/05/10 05:00:00+00,456720,330134,0,2021/06/22 05:00:00+00,5/10/2021,6/22/2021
140,140,NRG,2021/05/11 05:00:00+00,456720,331398,0,2021/06/22 05:00:00+00,5/11/2021,6/22/2021
141,141,NRG,2021/05/12 05:00:00+00,456720,333625,0,2021/06/22 05:00:00+00,5/12/2021,6/22/2021
142,142,NRG,2021/05/13 05:00:00+00,456720,336140,0,2021/06/22 05:00:00+00,5/13/2021,6/22/2021
143,143,NRG,2021/05/14 05:00:00+00,456720,339306,0,2021/06/22 05:00:00+00,5/14/2021,6/22/2021
144,144,NRG,2021/05/15 05:00:00+00,456720,343415,0,2021/06/22 05:00:00+00,5/15/2021,6/22/2021
145,145,NRG,2021/05/16 05:00:00+00,456720,344834,0,2021/06/22 05:00:00+00,5/16/2021,6/22/2021
146,146,NRG,2021/05/17 05:00:00+00,456720,344840,0,2021/06/22 05:00:00+00,5/17/2021,6/22/2021
147,147,NRG,2021/05/18 05:00:00+00,456720,347052,0,2021/06/22 05:00:00+00,5/18/2021,6/22/2021
148,148,NRG,2021/05/19 05:00:00+00,456720,348932,0,2021/06/22 05:00:00+00,5/19/2021,6/22/2021
149,149,NRG,2021/05/20 05:00:00+00,456720,351019,0,2021/06/22 05:00:00+00,5/20/2021,6/22/2021
150,150,NRG,2021/05/21 05:00:00+00,456720,352709,0,2021/06/22 05:00:00+00,5/21/2021,6/22/2021
151,151,NRG,2021/05/22 05:00:00+00,456720,355050,0,2021/06/22 05:00:00+00,5/22/2021,6/22/2021
152,152,NRG,2021/05/23 05:00:00+00,456720,357120,0,2021/06/22 05:00:00+00,5/23/2021,6/22/2021
153,153,NRG,2021/05/24 05:00:00+00,456720,357120,0,2021/06/22 05:00:00+00,5/24/2021,6/22/2021
154,154,NRG,2021/05/25 05:00:00+00,456720,358604,0,2021/06/22 05:00:00+00,5/25/2021,6/22/2021
155,155,NRG,2021/05/26 05:00:00+00,456720,359547,0,2021/06/22 05:00:00+00,5/26/2021,6/22/2021
156,156,NRG,2021/05/27 05:00:00+00,456720,360501,0,2021/06/22 05:00:00+00,5/27/2021,6/22/2021
157,157,NRG,2021/05/28 05:00:00+00,456720,361664,0,2021/06/22 05:00:00+00,5/28/2021,6/22/2021
158,158,NRG,2021/05/29 05:00:00+00,456720,362901,0,2021/06/22 05:00:00+00,5/29/2021,6/22/2021
159,159,NRG,2021/05/30 05:00:00+00,456720,363808,0,2021/06/22 05:00:00+00,5/30/2021,6/22/2021
160,160,NRG,2021/05/31 05:00:00+00,456720,363808,0,2021/06/22 05:00:00+00,5/31/2021,6/22/2021
161,161,NRG,2021/06/01 05:00:00+00,456720,364624,0,2021/06/22 05:00:00+00,6/1/2021,6/22/2021
162,162,NRG,2021/06/02 05:00:00+00,456720,365375,0,2021/06/22 05:00:00+00,6/2/2021,6/22/2021
163,163,NRG,2021/06/03 05:00:00+00,456720,366118,0,2021/06/22 05:00:00+00,6/3/2021,6/22/2021
164,164,NRG,2021/06/04 05:00:00+00,456720,367416,0,2021/06/22 05:00:00+00,6/4/2021,6/22/2021
165,165,NRG,2021/06/05 05:00:00+00,456720,369098,0,2021/06/22 05:00:00+00,6/5/2021,6/22/2021
166,166,NRG,2021/06/06 05:00:00+00,456720,370162,0,2021/06/22 05:00:00+00,6/6/2021,6/22/2021
167,167,NRG,2021/06/07 05:00:00+00,456720,370162,0,2021/06/22 05:00:00+00,6/7/2021,6/22/2021
168,168,NRG,2021/06/08 05:00:00+00,456720,371055,0,2021/06/22 05:00:00+00,6/8/2021,6/22/2021
169,169,NRG,2021/06/09 05:00:00+00,473100,371677,0,2021/06/22 05:00:00+00,6/9/2021,6/22/2021
170,170,NRG,2021/06/10 05:00:00+00,473100,372299,0,2021/06/22 05:00:00+00,6/10/2021,6/22/2021
171,171,NRG,2021/06/11 05:00:00+00,473100,373138,0,2021/06/22 05:00:00+00,6/11/2021,6/22/2021
172,172,NRG,2021/06/12 05:00:00+00,473100,374178,0,2021/06/22 05:00:00+00,6/12/2021,6/22/2021
173,173,NRG,2021/06/13 05:00:00+00,473100,375203,0,2021/06/22 05:00:00+00,6/13/2021,6/22/2021
174,174,NRG,2021/06/14 05:00:00+00,473100,375203,0,2021/06/22 05:00:00+00,6/14/2021,6/22/2021
175,175,NRG,2021/06/15 05:00:00+00,473100,375684,0,2021/06/22 05:00:00+00,6/15/2021,6/22/2021
176,176,NRG,2021/06/16 05:00:00+00,473100,376106,0,2021/06/22 05:00:00+00,6/16/2021,6/22/2021
177,177,NRG,2021/06/17 05:00:00+00,473100,376558,0,2021/06/22 05:00:00+00,6/17/2021,6/22/2021
178,178,NRG,2021/06/18 05:00:00+00,473100,377107,0,2021/06/22 05:00:00+00,6/18/2021,6/22/2021
179,179,NRG,2021/06/19 05:00:00+00,473100,377776,0,2021/06/22 05:00:00+00,6/19/2021,6/22/2021
180,180,NRG,2021/06/20 05:00:00+00,473100,378260,0,2021/06/22 05:00:00+00,6/20/2021,6/22/2021
181,181,NRG,2021/06/21 05:00:00+00,473100,378260,0,2021/06/22 05:00:00+00,6/21/2021,6/22/2021
182,182,NRG,2021/06/22 05:00:00+00,473100,378260,0,2021/06/22 05:00:00+00,6/22/2021,6/22/2021
183,183,HCTX,2020/12/23 05:00:00+00,3000,0,0,2021/06/22 05:00:00+00,12/23/2020,6/22/2021
184,184,HOU,2020/12/23 05:00:00+00,0,0,0,2021/06/22 05:00:00+00,12/23/2020,6/22/2021
185,185,HCTX,2020/12/24 05:00:00+00,3000,0,0,2021/06/22 05:00:00+00,12/24/2020,6/22/2021
186,186,HOU,2020/12/24 05:00:00+00,0,0,0,2021/06/22 05:00:00+00,12/24/2020,6/22/2021
187,187,HCTX,2020/12/25 05:00:00+00,3000,0,0,2021/06/22 05:00:00+00,12/25/2020,6/22/2021
188,188,HOU,2020/12/25 05:00:00+00,0,0,0,2021/06/22 05:00:00+00,12/25/2020,6/22/2021
189,189,HCTX,2020/12/26 05:00:00+00,3000,79,0,2021/06/22 05:00:00+00,12/26/2020,6/22/2021
190,190,HOU,2020/12/26 05:00:00+00,0,0,0,2021/06/22 05:00:00+00,12/26/2020,6/22/2021
191,191,HCTX,2020/12/27 05:00:00+00,3000,79,0,2021/06/22 05:00:00+00,12/27/2020,6/22/2021
192,192,HOU,2020/12/27 05:00:00+00,0,0,0,2021/06/22 05:00:00+00,12/27/2020,6/22/2021
193,193,HCTX,2020/12/28 05:00:00+00,3000,543,0,2021/06/22 05:00:00+00,12/28/2020,6/22/2021
194,194,HOU,2020/12/28 05:00:00+00,3000,59,0,2021/06/22 05:00:00+00,12/28/2020,6/22/2021
195,195,HCTX,2020/12/29 05:00:00+00,3000,1221,0,2021/06/22 05:00:00+00,12/29/2020,6/22/2021
196,196,HOU,2020/12/29 05:00:00+00,10200,348,0,2021/06/22 05:00:00+00,12/29/2020,6/22/2021
197,197,HCTX,2020/12/30 05:00:00+00,3000,2428,0,2021/06/22 05:00:00+00,12/30/2020,6/22/2021
198,198,HOU,2020/12/30 05:00:00+00,10200,804,900,2021/06/22 05:00:00+00,12/30/2020,6/22/2021
199,199,HCTX,2020/12/31 05:00:00+00,5000,3624,0,2021/06/22 05:00:00+00,12/31/2020,6/22/2021
200,200,HOU,2020/12/31 05:00:00+00,10200,1878,900,2021/06/22 05:00:00+00,12/31/2020,6/22/2021
201,201,HCTX,2021/01/01 05:00:00+00,5000,3626,0,2021/06/22 05:00:00+00,1/1/2021,6/22/2021
202,202,HOU,2021/01/01 05:00:00+00,10200,1878,900,2021/06/22 05:00:00+00,1/1/2021,6/22/2021
203,203,HCTX,2021/01/02 05:00:00+00,5000,5355,0,2021/06/22 05:00:00+00,1/2/2021,6/22/2021
204,204,HOU,2021/01/02 05:00:00+00,10200,2886,900,2021/06/22 05:00:00+00,1/2/2021,6/22/2021
205,205,HCTX,2021/01/03 05:00:00+00,6000,5355,0,2021/06/22 05:00:00+00,1/3/2021,6/22/2021
206,206,HOU,2021/01/03 05:00:00+00,10200,3871,1900,2021/06/22 05:00:00+00,1/3/2021,6/22/2021
207,207,HCTX,2021/01/04 05:00:00+00,7000,6957,0,2021/06/22 05:00:00+00,1/4/2021,6/22/2021
208,208,HOU,2021/01/04 05:00:00+00,10200,5386,1900,2021/06/22 05:00:00+00,1/4/2021,6/22/2021
209,209,HCTX,2021/01/05 05:00:00+00,10000,6957,0,2021/06/22 05:00:00+00,1/5/2021,6/22/2021
210,210,HOU,2021/01/05 05:00:00+00,13800,7038,1900,2021/06/22 05:00:00+00,1/5/2021,6/22/2021
211,211,HCTX,2021/01/06 05:00:00+00,10000,7908,0,2021/06/22 05:00:00+00,1/6/2021,6/22/2021
212,212,HOU,2021/01/06 05:00:00+00,13800,8202,1900,2021/06/22 05:00:00+00,1/6/2021,6/22/2021
213,213,HCTX,2021/01/07 05:00:00+00,10000,9122,0,2021/06/22 05:00:00+00,1/7/2021,6/22/2021
214,214,HOU,2021/01/07 05:00:00+00,13800,9355,1900,2021/06/22 05:00:00+00,1/7/2021,6/22/2021
215,215,HCTX,2021/01/08 05:00:00+00,18000,10359,0,2021/06/22 05:00:00+00,1/8/2021,6/22/2021
216,216,HOU,2021/01/08 05:00:00+00,22750,10478,1900,2021/06/22 05:00:00+00,1/8/2021,6/22/2021
217,217,HCTX,2021/01/09 05:00:00+00,18000,10359,0,2021/06/22 05:00:00+00,1/9/2021,6/22/2021
218,218,HOU,2021/01/09 05:00:00+00,22750,14330,1900,2021/06/22 05:00:00+00,1/9/2021,6/22/2021
219,219,HCTX,2021/01/10 05:00:00+00,18000,10359,0,2021/06/22 05:00:00+00,1/10/2021,6/22/2021
220,220,HOU,2021/01/10 05:00:00+00,22750,14330,1900,2021/06/22 05:00:00+00,1/10/2021,6/22/2021
221,221,HCTX,2021/01/11 05:00:00+00,18000,11696,0,2021/06/22 05:00:00+00,1/11/2021,6/22/2021
222,222,HOU,2021/01/11 05:00:00+00,22750,15282,1900,2021/06/22 05:00:00+00,1/11/2021,6/22/2021
223,223,HCTX,2021/01/12 05:00:00+00,18000,13036,0,2021/06/22 05:00:00+00,1/12/2021,6/22/2021
224,224,HOU,2021/01/12 05:00:00+00,22750,16195,1900,2021/06/22 05:00:00+00,1/12/2021,6/22/2021
225,225,HCTX,2021/01/13 05:00:00+00,18000,14539,0,2021/06/22 05:00:00+00,1/13/2021,6/22/2021
226,226,HOU,2021/01/13 05:00:00+00,22750,17069,1900,2021/06/22 05:00:00+00,1/13/2021,6/22/2021
227,227,HCTX,2021/01/14 05:00:00+00,27000,16531,0,2021/06/22 05:00:00+00,1/14/2021,6/22/2021
228,228,HOU,2021/01/14 05:00:00+00,30950,18659,1900,2021/06/22 05:00:00+00,1/14/2021,6/22/2021
229,229,HCTX,2021/01/15 05:00:00+00,27000,18583,0,2021/06/22 05:00:00+00,1/15/2021,6/22/2021
230,230,HOU,2021/01/15 05:00:00+00,30950,20137,1900,2021/06/22 05:00:00+00,1/15/2021,6/22/2021
231,231,HCTX,2021/01/16 05:00:00+00,27000,20339,2000,2021/06/22 05:00:00+00,1/16/2021,6/22/2021
232,232,HOU,2021/01/16 05:00:00+00,30950,26599,1900,2021/06/22 05:00:00+00,1/16/2021,6/22/2021
233,233,HCTX,2021/01/17 05:00:00+00,27000,20340,2000,2021/06/22 05:00:00+00,1/17/2021,6/22/2021
234,234,HOU,2021/01/17 05:00:00+00,30950,26599,1900,2021/06/22 05:00:00+00,1/17/2021,6/22/2021
235,235,HCTX,2021/01/18 05:00:00+00,27000,20340,2000,2021/06/22 05:00:00+00,1/18/2021,6/22/2021
236,236,HOU,2021/01/18 05:00:00+00,33950,27165,1900,2021/06/22 05:00:00+00,1/18/2021,6/22/2021
237,237,HCTX,2021/01/19 05:00:00+00,27000,20340,2000,2021/06/22 05:00:00+00,1/19/2021,6/22/2021
238,238,HOU,2021/01/19 05:00:00+00,33950,27975,1900,2021/06/22 05:00:00+00,1/19/2021,6/22/2021
239,239,HCTX,2021/01/20 05:00:00+00,30000,21966,2000,2021/06/22 05:00:00+00,1/20/2021,6/22/2021
240,240,HOU,2021/01/20 05:00:00+00,35950,28828,1900,2021/06/22 05:00:00+00,1/20/2021,6/22/2021
241,241,HCTX,2021/01/21 05:00:00+00,32000,23804,2000,2021/06/22 05:00:00+00,1/21/2021,6/22/2021
242,242,HOU,2021/01/21 05:00:00+00,35950,29650,1900,2021/06/22 05:00:00+00,1/21/2021,6/22/2021
243,243,HCTX,2021/01/22 05:00:00+00,41000,25903,3000,2021/06/22 05:00:00+00,1/22/2021,6/22/2021
244,244,HOU,2021/01/22 05:00:00+00,44950,30397,1900,2021/06/22 05:00:00+00,1/22/2021,6/22/2021
245,245,HCTX,2021/01/23 05:00:00+00,41000,27696,3000,2021/06/22 05:00:00+00,1/23/2021,6/22/2021
246,246,HOU,2021/01/23 05:00:00+00,44950,31159,1900,2021/06/22 05:00:00+00,1/23/2021,6/22/2021
247,247,HCTX,2021/01/24 05:00:00+00,41000,27699,3000,2021/06/22 05:00:00+00,1/24/2021,6/22/2021
248,248,HOU,2021/01/24 05:00:00+00,44950,31159,1900,2021/06/22 05:00:00+00,1/24/2021,6/22/2021
249,249,HCTX,2021/01/25 05:00:00+00,41000,27700,4000,2021/06/22 05:00:00+00,1/25/2021,6/22/2021
250,250,HOU,2021/01/25 05:00:00+00,45650,31907,3380,2021/06/22 05:00:00+00,1/25/2021,6/22/2021
251,251,HCTX,2021/01/26 05:00:00+00,43000,28900,4000,2021/06/22 05:00:00+00,1/26/2021,6/22/2021
252,252,HOU,2021/01/26 05:00:00+00,50250,32712,5090,2021/06/22 05:00:00+00,1/26/2021,6/22/2021
253,253,HCTX,2021/01/27 05:00:00+00,43000,31242,4000,2021/06/22 05:00:00+00,1/27/2021,6/22/2021
254,254,HOU,2021/01/27 05:00:00+00,50900,33612,6170,2021/06/22 05:00:00+00,1/27/2021,6/22/2021
255,255,HCTX,2021/01/28 05:00:00+00,52000,33299,4000,2021/06/22 05:00:00+00,1/28/2021,6/22/2021
256,256,HOU,2021/01/28 05:00:00+00,60550,34503,7130,2021/06/22 05:00:00+00,1/28/2021,6/22/2021
257,257,HCTX,2021/01/29 05:00:00+00,52000,35582,4000,2021/06/22 05:00:00+00,1/29/2021,6/22/2021
258,258,HOU,2021/01/29 05:00:00+00,60550,35484,7130,2021/06/22 05:00:00+00,1/29/2021,6/22/2021
259,259,HCTX,2021/01/30 05:00:00+00,52000,37308,6250,2021/06/22 05:00:00+00,1/30/2021,6/22/2021
260,260,HOU,2021/01/30 05:00:00+00,60550,36597,9650,2021/06/22 05:00:00+00,1/30/2021,6/22/2021
261,261,HCTX,2021/01/31 05:00:00+00,52000,37308,6250,2021/06/22 05:00:00+00,1/31/2021,6/22/2021
262,262,HOU,2021/01/31 05:00:00+00,60550,36597,9650,2021/06/22 05:00:00+00,1/31/2021,6/22/2021
263,263,HCTX,2021/02/01 05:00:00+00,55000,38908,6250,2021/06/22 05:00:00+00,2/1/2021,6/22/2021
264,264,HOU,2021/02/01 05:00:00+00,61050,38400,11330,2021/06/22 05:00:00+00,2/1/2021,6/22/2021
265,265,HCTX,2021/02/02 05:00:00+00,55000,40902,6250,2021/06/22 05:00:00+00,2/2/2021,6/22/2021
266,266,HOU,2021/02/02 05:00:00+00,64150,39946,11930,2021/06/22 05:00:00+00,2/2/2021,6/22/2021
267,267,HCTX,2021/02/03 05:00:00+00,55000,43446,6250,2021/06/22 05:00:00+00,2/3/2021,6/22/2021
268,268,HOU,2021/02/03 05:00:00+00,64150,41490,11930,2021/06/22 05:00:00+00,2/3/2021,6/22/2021
269,269,HCTX,2021/02/04 05:00:00+00,55000,46320,6250,2021/06/22 05:00:00+00,2/4/2021,6/22/2021
270,270,HOU,2021/02/04 05:00:00+00,64150,43070,12940,2021/06/22 05:00:00+00,2/4/2021,6/22/2021
271,271,HCTX,2021/02/05 05:00:00+00,64000,49330,8250,2021/06/22 05:00:00+00,2/5/2021,6/22/2021
272,272,HOU,2021/02/05 05:00:00+00,73150,44654,13190,2021/06/22 05:00:00+00,2/5/2021,6/22/2021
273,273,HCTX,2021/02/06 05:00:00+00,64000,51151,8250,2021/06/22 05:00:00+00,2/6/2021,6/22/2021
274,274,HOU,2021/02/06 05:00:00+00,73150,48052,14290,2021/06/22 05:00:00+00,2/6/2021,6/22/2021
275,275,HCTX,2021/02/07 05:00:00+00,64000,51151,8250,2021/06/22 05:00:00+00,2/7/2021,6/22/2021
276,276,HOU,2021/02/07 05:00:00+00,73150,48052,14290,2021/06/22 05:00:00+00,2/7/2021,6/22/2021
277,277,HCTX,2021/02/08 05:00:00+00,64000,52781,8250,2021/06/22 05:00:00+00,2/8/2021,6/22/2021
278,278,HOU,2021/02/08 05:00:00+00,73150,49456,16130,2021/06/22 05:00:00+00,2/8/2021,6/22/2021
279,279,HCTX,2021/02/09 05:00:00+00,72000,56257,8250,2021/06/22 05:00:00+00,2/9/2021,6/22/2021
280,280,HOU,2021/02/09 05:00:00+00,80450,50829,16970,2021/06/22 05:00:00+00,2/9/2021,6/22/2021
281,281,HCTX,2021/02/10 05:00:00+00,72000,58875,8250,2021/06/22 05:00:00+00,2/10/2021,6/22/2021
282,282,HOU,2021/02/10 05:00:00+00,80450,52429,17970,2021/06/22 05:00:00+00,2/10/2021,6/22/2021
283,283,HCTX,2021/02/11 05:00:00+00,72000,61101,8250,2021/06/22 05:00:00+00,2/11/2021,6/22/2021
284,284,HOU,2021/02/11 05:00:00+00,80450,54187,18950,2021/06/22 05:00:00+00,2/11/2021,6/22/2021
285,285,HCTX,2021/02/12 05:00:00+00,81000,64197,8250,2021/06/22 05:00:00+00,2/12/2021,6/22/2021
286,286,HOU,2021/02/12 05:00:00+00,89500,56064,20740,2021/06/22 05:00:00+00,2/12/2021,6/22/2021
287,287,HCTX,2021/02/13 05:00:00+00,81000,67042,8750,2021/06/22 05:00:00+00,2/13/2021,6/22/2021
288,288,HOU,2021/02/13 05:00:00+00,89500,60811,22120,2021/06/22 05:00:00+00,2/13/2021,6/22/2021
289,289,HCTX,2021/02/14 05:00:00+00,81000,67042,8750,2021/06/22 05:00:00+00,2/14/2021,6/22/2021
290,290,HOU,2021/02/14 05:00:00+00,89500,60811,22120,2021/06/22 05:00:00+00,2/14/2021,6/22/2021
291,291,HCTX,2021/02/15 05:00:00+00,81000,67100,12350,2021/06/22 05:00:00+00,2/15/2021,6/22/2021
292,292,HOU,2021/02/15 05:00:00+00,89500,60811,22120,2021/06/22 05:00:00+00,2/15/2021,6/22/2021
293,293,HCTX,2021/02/16 05:00:00+00,81000,67294,12350,2021/06/22 05:00:00+00,2/16/2021,6/22/2021
294,294,HOU,2021/02/16 05:00:00+00,89500,60811,22120,2021/06/22 05:00:00+00,2/16/2021,6/22/2021
295,295,HCTX,2021/02/17 05:00:00+00,81000,67435,12350,2021/06/22 05:00:00+00,2/17/2021,6/22/2021
296,296,HOU,2021/02/17 05:00:00+00,89500,60811,22120,2021/06/22 05:00:00+00,2/17/2021,6/22/2021
297,297,HCTX,2021/02/18 05:00:00+00,81000,67435,12350,2021/06/22 05:00:00+00,2/18/2021,6/22/2021
298,298,HOU,2021/02/18 05:00:00+00,89500,60811,22120,2021/06/22 05:00:00+00,2/18/2021,6/22/2021
299,299,HCTX,2021/02/19 05:00:00+00,81000,68029,12350,2021/06/22 05:00:00+00,2/19/2021,6/22/2021
300,300,HOU,2021/02/19 05:00:00+00,89500,60811,22120,2021/06/22 05:00:00+00,2/19/2021,6/22/2021
301,301,HCTX,2021/02/20 05:00:00+00,81000,70731,12350,2021/06/22 05:00:00+00,2/20/2021,6/22/2021
302,302,HOU,2021/02/20 05:00:00+00,89590,61645,23090,2021/06/22 05:00:00+00,2/20/2021,6/22/2021
303,303,HCTX,2021/02/21 05:00:00+00,81000,70732,12350,2021/06/22 05:00:00+00,2/21/2021,6/22/2021
304,304,HOU,2021/02/21 05:00:00+00,89590,62561,23290,2021/06/22 05:00:00+00,2/21/2021,6/22/2021
305,305,HCTX,2021/02/22 05:00:00+00,81000,70880,13350,2021/06/22 05:00:00+00,2/22/2021,6/22/2021
306,306,HOU,2021/02/22 05:00:00+00,89590,63275,24210,2021/06/22 05:00:00+00,2/22/2021,6/22/2021
307,307,HCTX,2021/02/23 05:00:00+00,149120,71309,13850,2021/06/22 05:00:00+00,2/23/2021,6/22/2021
308,308,HOU,2021/02/23 05:00:00+00,123190,63815,26620,2021/06/22 05:00:00+00,2/23/2021,6/22/2021
309,309,HCTX,2021/02/24 05:00:00+00,149120,79493,14930,2021/06/22 05:00:00+00,2/24/2021,6/22/2021
310,310,HOU,2021/02/24 05:00:00+00,123190,65144,27730,2021/06/22 05:00:00+00,2/24/2021,6/22/2021
311,311,HCTX,2021/02/25 05:00:00+00,149120,89194,16930,2021/06/22 05:00:00+00,2/25/2021,6/22/2021
312,312,HOU,2021/02/25 05:00:00+00,123190,66849,28530,2021/06/22 05:00:00+00,2/25/2021,6/22/2021
313,313,HCTX,2021/02/26 05:00:00+00,158120,99459,16930,2021/06/22 05:00:00+00,2/26/2021,6/22/2021
314,314,HOU,2021/02/26 05:00:00+00,132190,68853,35390,2021/06/22 05:00:00+00,2/26/2021,6/22/2021
315,315,HCTX,2021/02/27 05:00:00+00,158120,109563,16930,2021/06/22 05:00:00+00,2/27/2021,6/22/2021
316,316,HOU,2021/02/27 05:00:00+00,132190,70557,35740,2021/06/22 05:00:00+00,2/27/2021,6/22/2021
317,317,HCTX,2021/02/28 05:00:00+00,158120,116886,16930,2021/06/22 05:00:00+00,2/28/2021,6/22/2021
318,318,HOU,2021/02/28 05:00:00+00,132190,70557,35740,2021/06/22 05:00:00+00,2/28/2021,6/22/2021
319,319,HCTX,2021/03/01 05:00:00+00,200240,122612,17040,2021/06/22 05:00:00+00,3/1/2021,6/22/2021
320,320,HOU,2021/03/01 05:00:00+00,141190,72758,36460,2021/06/22 05:00:00+00,3/1/2021,6/22/2021
321,321,HCTX,2021/03/02 05:00:00+00,221240,132489,17040,2021/06/22 05:00:00+00,3/2/2021,6/22/2021
322,322,HOU,2021/03/02 05:00:00+00,147190,74786,41690,2021/06/22 05:00:00+00,3/2/2021,6/22/2021
323,323,HCTX,2021/03/03 05:00:00+00,221240,142101,23040,2021/06/22 05:00:00+00,3/3/2021,6/22/2021
324,324,HOU,2021/03/03 05:00:00+00,147200,76902,44380,2021/06/22 05:00:00+00,3/3/2021,6/22/2021
325,325,HCTX,2021/03/04 05:00:00+00,230240,151293,26290,2021/06/22 05:00:00+00,3/4/2021,6/22/2021
326,326,HOU,2021/03/04 05:00:00+00,156200,79113,49670,2021/06/22 05:00:00+00,3/4/2021,6/22/2021
327,327,HCTX,2021/03/05 05:00:00+00,242240,160963,26290,2021/06/22 05:00:00+00,3/5/2021,6/22/2021
328,328,HOU,2021/03/05 05:00:00+00,156200,81695,49980,2021/06/22 05:00:00+00,3/5/2021,6/22/2021
329,329,HCTX,2021/03/06 05:00:00+00,242240,170445,26290,2021/06/22 05:00:00+00,3/6/2021,6/22/2021
330,330,HOU,2021/03/06 05:00:00+00,156200,82990,50280,2021/06/22 05:00:00+00,3/6/2021,6/22/2021
331,331,HCTX,2021/03/07 05:00:00+00,242240,176391,26290,2021/06/22 05:00:00+00,3/7/2021,6/22/2021
332,332,HOU,2021/03/07 05:00:00+00,156200,84217,55590,2021/06/22 05:00:00+00,3/7/2021,6/22/2021
333,333,HCTX,2021/03/08 05:00:00+00,285360,188280,33790,2021/06/22 05:00:00+00,3/8/2021,6/22/2021
334,334,HOU,2021/03/08 05:00:00+00,162700,86065,56285,2021/06/22 05:00:00+00,3/8/2021,6/22/2021
335,335,HCTX,2021/03/09 05:00:00+00,294360,198839,33790,2021/06/22 05:00:00+00,3/9/2021,6/22/2021
336,336,HOU,2021/03/09 05:00:00+00,173900,87866,56475,2021/06/22 05:00:00+00,3/9/2021,6/22/2021
337,337,HCTX,2021/03/10 05:00:00+00,294360,208819,33790,2021/06/22 05:00:00+00,3/10/2021,6/22/2021
338,338,HOU,2021/03/10 05:00:00+00,173900,89687,57155,2021/06/22 05:00:00+00,3/10/2021,6/22/2021
339,339,HCTX,2021/03/11 05:00:00+00,304060,219633,33790,2021/06/22 05:00:00+00,3/11/2021,6/22/2021
340,340,HOU,2021/03/11 05:00:00+00,183600,91473,63560,2021/06/22 05:00:00+00,3/11/2021,6/22/2021
341,341,HCTX,2021/03/12 05:00:00+00,304060,227835,35290,2021/06/22 05:00:00+00,3/12/2021,6/22/2021
342,342,HOU,2021/03/12 05:00:00+00,183600,93461,69145,2021/06/22 05:00:00+00,3/12/2021,6/22/2021
343,343,HCTX,2021/03/13 05:00:00+00,304060,236118,35290,2021/06/22 05:00:00+00,3/13/2021,6/22/2021
344,344,HOU,2021/03/13 05:00:00+00,183600,95043,69435,2021/06/22 05:00:00+00,3/13/2021,6/22/2021
345,345,HCTX,2021/03/14 05:00:00+00,304060,242385,35290,2021/06/22 05:00:00+00,3/14/2021,6/22/2021
346,346,HOU,2021/03/14 05:00:00+00,183600,95043,69435,2021/06/22 05:00:00+00,3/14/2021,6/22/2021
347,347,HCTX,2021/03/15 05:00:00+00,304060,248599,38670,2021/06/22 05:00:00+00,3/15/2021,6/22/2021
348,348,HOU,2021/03/15 05:00:00+00,183680,96370,69715,2021/06/22 05:00:00+00,3/15/2021,6/22/2021
349,349,HCTX,2021/03/16 05:00:00+00,313060,258296,38670,2021/06/22 05:00:00+00,3/16/2021,6/22/2021
350,350,HOU,2021/03/16 05:00:00+00,196980,97742,70715,2021/06/22 05:00:00+00,3/16/2021,6/22/2021
351,351,HCTX,2021/03/17 05:00:00+00,317460,267493,38670,2021/06/22 05:00:00+00,3/17/2021,6/22/2021
352,352,HOU,2021/03/17 05:00:00+00,196980,99113,71295,2021/06/22 05:00:00+00,3/17/2021,6/22/2021
353,353,HCTX,2021/03/18 05:00:00+00,327460,276106,38670,2021/06/22 05:00:00+00,3/18/2021,6/22/2021
354,354,HOU,2021/03/18 05:00:00+00,209180,100691,71375,2021/06/22 05:00:00+00,3/18/2021,6/22/2021
355,355,HCTX,2021/03/19 05:00:00+00,327460,287066,40870,2021/06/22 05:00:00+00,3/19/2021,6/22/2021
356,356,HOU,2021/03/19 05:00:00+00,209180,101950,75515,2021/06/22 05:00:00+00,3/19/2021,6/22/2021
357,357,HCTX,2021/03/20 05:00:00+00,327460,294460,40870,2021/06/22 05:00:00+00,3/20/2021,6/22/2021
358,358,HOU,2021/03/20 05:00:00+00,209180,102679,76335,2021/06/22 05:00:00+00,3/20/2021,6/22/2021
359,359,HCTX,2021/03/21 05:00:00+00,327460,300230,40870,2021/06/22 05:00:00+00,3/21/2021,6/22/2021
360,360,HOU,2021/03/21 05:00:00+00,209180,102684,76335,2021/06/22 05:00:00+00,3/21/2021,6/22/2021
361,361,HCTX,2021/03/22 05:00:00+00,339960,305616,40870,2021/06/22 05:00:00+00,3/22/2021,6/22/2021
362,362,HOU,2021/03/22 05:00:00+00,221980,103961,90635,2021/06/22 05:00:00+00,3/22/2021,6/22/2021
363,363,HCTX,2021/03/23 05:00:00+00,424200,313107,40870,2021/06/22 05:00:00+00,3/23/2021,6/22/2021
364,364,HOU,2021/03/23 05:00:00+00,223730,105251,90635,2021/06/22 05:00:00+00,3/23/2021,6/22/2021
365,365,HCTX,2021/03/24 05:00:00+00,424200,320807,42620,2021/06/22 05:00:00+00,3/24/2021,6/22/2021
366,366,HOU,2021/03/24 05:00:00+00,223730,106574,91135,2021/06/22 05:00:00+00,3/24/2021,6/22/2021
367,367,HCTX,2021/03/25 05:00:00+00,434200,329636,42620,2021/06/22 05:00:00+00,3/25/2021,6/22/2021
368,368,HOU,2021/03/25 05:00:00+00,233730,108468,97495,2021/06/22 05:00:00+00,3/25/2021,6/22/2021
369,369,HCTX,2021/03/26 05:00:00+00,434200,340979,42620,2021/06/22 05:00:00+00,3/26/2021,6/22/2021
370,370,HOU,2021/03/26 05:00:00+00,233740,110609,101995,2021/06/22 05:00:00+00,3/26/2021,6/22/2021
371,371,HCTX,2021/03/27 05:00:00+00,434200,352782,42620,2021/06/22 05:00:00+00,3/27/2021,6/22/2021
372,372,HOU,2021/03/27 05:00:00+00,233740,113320,102830,2021/06/22 05:00:00+00,3/27/2021,6/22/2021
373,373,HCTX,2021/03/28 05:00:00+00,434200,359295,42620,2021/06/22 05:00:00+00,3/28/2021,6/22/2021
374,374,HOU,2021/03/28 05:00:00+00,233740,113320,102830,2021/06/22 05:00:00+00,3/28/2021,6/22/2021
375,375,HCTX,2021/03/29 05:00:00+00,434200,365007,42620,2021/06/22 05:00:00+00,3/29/2021,6/22/2021
376,376,HOU,2021/03/29 05:00:00+00,234840,115266,102830,2021/06/22 05:00:00+00,3/29/2021,6/22/2021
377,377,HCTX,2021/03/30 05:00:00+00,443200,375240,42620,2021/06/22 05:00:00+00,3/30/2021,6/22/2021
378,378,HOU,2021/03/30 05:00:00+00,244440,116924,104830,2021/06/22 05:00:00+00,3/30/2021,6/22/2021
379,379,HCTX,2021/03/31 05:00:00+00,443200,385411,42620,2021/06/22 05:00:00+00,3/31/2021,6/22/2021
380,380,HOU,2021/03/31 05:00:00+00,244440,118697,105230,2021/06/22 05:00:00+00,3/31/2021,6/22/2021
381,381,HCTX,2021/04/01 05:00:00+00,537320,396196,42650,2021/06/22 05:00:00+00,4/1/2021,6/22/2021
382,382,HOU,2021/04/01 05:00:00+00,254440,120540,112140,2021/06/22 05:00:00+00,4/1/2021,6/22/2021
383,383,HCTX,2021/04/02 05:00:00+00,537320,407889,42650,2021/06/22 05:00:00+00,4/2/2021,6/22/2021
384,384,HOU,2021/04/02 05:00:00+00,254440,121681,113080,2021/06/22 05:00:00+00,4/2/2021,6/22/2021
385,385,HCTX,2021/04/03 05:00:00+00,537320,413826,42650,2021/06/22 05:00:00+00,4/3/2021,6/22/2021
386,386,HOU,2021/04/03 05:00:00+00,254440,121698,114510,2021/06/22 05:00:00+00,4/3/2021,6/22/2021
387,387,HCTX,2021/04/04 05:00:00+00,537320,413826,42650,2021/06/22 05:00:00+00,4/4/2021,6/22/2021
388,388,HOU,2021/04/04 05:00:00+00,254440,121698,114510,2021/06/22 05:00:00+00,4/4/2021,6/22/2021
389,389,HCTX,2021/04/05 05:00:00+00,537320,421103,42650,2021/06/22 05:00:00+00,4/5/2021,6/22/2021
390,390,HOU,2021/04/05 05:00:00+00,254440,122528,115310,2021/06/22 05:00:00+00,4/5/2021,6/22/2021
391,391,HCTX,2021/04/06 05:00:00+00,546320,433677,42650,2021/06/22 05:00:00+00,4/6/2021,6/22/2021
392,392,HOU,2021/04/06 05:00:00+00,263440,123920,115810,2021/06/22 05:00:00+00,4/6/2021,6/22/2021
393,393,HCTX,2021/04/07 05:00:00+00,546320,441767,42650,2021/06/22 05:00:00+00,4/7/2021,6/22/2021
394,394,HOU,2021/04/07 05:00:00+00,263440,125503,120680,2021/06/22 05:00:00+00,4/7/2021,6/22/2021
395,395,HCTX,2021/04/08 05:00:00+00,546320,447924,42650,2021/06/22 05:00:00+00,4/8/2021,6/22/2021
396,396,HOU,2021/04/08 05:00:00+00,263440,126905,122080,2021/06/22 05:00:00+00,4/8/2021,6/22/2021
397,397,HCTX,2021/04/09 05:00:00+00,601320,460604,42650,2021/06/22 05:00:00+00,4/9/2021,6/22/2021
398,398,HOU,2021/04/09 05:00:00+00,273440,128745,123100,2021/06/22 05:00:00+00,4/9/2021,6/22/2021
399,399,HCTX,2021/04/10 05:00:00+00,601320,470102,42650,2021/06/22 05:00:00+00,4/10/2021,6/22/2021
400,400,HOU,2021/04/10 05:00:00+00,273440,130134,126920,2021/06/22 05:00:00+00,4/10/2021,6/22/2021
401,401,HCTX,2021/04/11 05:00:00+00,601320,476028,42650,2021/06/22 05:00:00+00,4/11/2021,6/22/2021
402,402,HOU,2021/04/11 05:00:00+00,273440,130134,126920,2021/06/22 05:00:00+00,4/11/2021,6/22/2021
403,403,HCTX,2021/04/12 05:00:00+00,601320,480086,42650,2021/06/22 05:00:00+00,4/12/2021,6/22/2021
404,404,HOU,2021/04/12 05:00:00+00,275240,131545,126920,2021/06/22 05:00:00+00,4/12/2021,6/22/2021
405,405,HCTX,2021/04/13 05:00:00+00,616870,486884,42650,2021/06/22 05:00:00+00,4/13/2021,6/22/2021
406,406,HOU,2021/04/13 05:00:00+00,287940,132968,133420,2021/06/22 05:00:00+00,4/13/2021,6/22/2021
407,407,HCTX,2021/04/14 05:00:00+00,643780,494496,42650,2021/06/22 05:00:00+00,4/14/2021,6/22/2021
408,408,HOU,2021/04/14 05:00:00+00,287940,134721,133420,2021/06/22 05:00:00+00,4/14/2021,6/22/2021
409,409,HCTX,2021/04/15 05:00:00+00,646780,499431,42650,2021/06/22 05:00:00+00,4/15/2021,6/22/2021
410,410,HOU,2021/04/15 05:00:00+00,287940,136681,136760,2021/06/22 05:00:00+00,4/15/2021,6/22/2021
411,411,HCTX,2021/04/16 05:00:00+00,656780,509967,42650,2021/06/22 05:00:00+00,4/16/2021,6/22/2021
412,412,HOU,2021/04/16 05:00:00+00,297940,138807,137790,2021/06/22 05:00:00+00,4/16/2021,6/22/2021
413,413,HCTX,2021/04/17 05:00:00+00,656780,516502,42650,2021/06/22 05:00:00+00,4/17/2021,6/22/2021
414,414,HOU,2021/04/17 05:00:00+00,297940,139867,138190,2021/06/22 05:00:00+00,4/17/2021,6/22/2021
415,415,HCTX,2021/04/18 05:00:00+00,656780,517977,42650,2021/06/22 05:00:00+00,4/18/2021,6/22/2021
416,416,HOU,2021/04/18 05:00:00+00,297940,139867,138190,2021/06/22 05:00:00+00,4/18/2021,6/22/2021
417,417,HCTX,2021/04/19 05:00:00+00,700400,518820,42650,2021/06/22 05:00:00+00,4/19/2021,6/22/2021
418,418,HOU,2021/04/19 05:00:00+00,297940,140731,138190,2021/06/22 05:00:00+00,4/19/2021,6/22/2021
419,419,HCTX,2021/04/20 05:00:00+00,710400,522175,42650,2021/06/22 05:00:00+00,4/20/2021,6/22/2021
420,420,HOU,2021/04/20 05:00:00+00,310740,141436,145290,2021/06/22 05:00:00+00,4/20/2021,6/22/2021
421,421,HCTX,2021/04/21 05:00:00+00,710400,528124,42650,2021/06/22 05:00:00+00,4/21/2021,6/22/2021
422,422,HOU,2021/04/21 05:00:00+00,317120,142227,145290,2021/06/22 05:00:00+00,4/21/2021,6/22/2021
423,423,HCTX,2021/04/22 05:00:00+00,710900,530967,42950,2021/06/22 05:00:00+00,4/22/2021,6/22/2021
424,424,HOU,2021/04/22 05:00:00+00,317120,143354,149870,2021/06/22 05:00:00+00,4/22/2021,6/22/2021
425,425,HCTX,2021/04/23 05:00:00+00,715300,536728,42950,2021/06/22 05:00:00+00,4/23/2021,6/22/2021
426,426,HOU,2021/04/23 05:00:00+00,327120,144472,153940,2021/06/22 05:00:00+00,4/23/2021,6/22/2021
427,427,HCTX,2021/04/24 05:00:00+00,715300,542264,42950,2021/06/22 05:00:00+00,4/24/2021,6/22/2021
428,428,HOU,2021/04/24 05:00:00+00,327120,145510,153940,2021/06/22 05:00:00+00,4/24/2021,6/22/2021
429,429,HCTX,2021/04/25 05:00:00+00,715300,543617,42950,2021/06/22 05:00:00+00,4/25/2021,6/22/2021
430,430,HOU,2021/04/25 05:00:00+00,327120,145510,153940,2021/06/22 05:00:00+00,4/25/2021,6/22/2021
431,431,HCTX,2021/04/26 05:00:00+00,715300,545286,42950,2021/06/22 05:00:00+00,4/26/2021,6/22/2021
432,432,HOU,2021/04/26 05:00:00+00,330620,146462,153940,2021/06/22 05:00:00+00,4/26/2021,6/22/2021
433,433,HCTX,2021/04/27 05:00:00+00,725300,548688,42950,2021/06/22 05:00:00+00,4/27/2021,6/22/2021
434,434,HOU,2021/04/27 05:00:00+00,330620,147195,154740,2021/06/22 05:00:00+00,4/27/2021,6/22/2021
435,435,HCTX,2021/04/28 05:00:00+00,725300,552930,42950,2021/06/22 05:00:00+00,4/28/2021,6/22/2021
436,436,HOU,2021/04/28 05:00:00+00,331220,147877,154870,2021/06/22 05:00:00+00,4/28/2021,6/22/2021
437,437,HCTX,2021/04/29 05:00:00+00,725300,554440,42950,2021/06/22 05:00:00+00,4/29/2021,6/22/2021
438,438,HOU,2021/04/29 05:00:00+00,331220,149512,155810,2021/06/22 05:00:00+00,4/29/2021,6/22/2021
439,439,HCTX,2021/04/30 05:00:00+00,725300,558936,42950,2021/06/22 05:00:00+00,4/30/2021,6/22/2021
440,440,HOU,2021/04/30 05:00:00+00,331220,150730,161491,2021/06/22 05:00:00+00,4/30/2021,6/22/2021
441,441,HCTX,2021/05/01 05:00:00+00,725300,563063,42950,2021/06/22 05:00:00+00,5/1/2021,6/22/2021
442,442,HOU,2021/05/01 05:00:00+00,331220,150980,162341,2021/06/22 05:00:00+00,5/1/2021,6/22/2021
443,443,HCTX,2021/05/02 05:00:00+00,727640,564866,42950,2021/06/22 05:00:00+00,5/2/2021,6/22/2021
444,444,HOU,2021/05/02 05:00:00+00,331220,150980,162341,2021/06/22 05:00:00+00,5/2/2021,6/22/2021
445,445,HCTX,2021/05/03 05:00:00+00,737640,566977,42950,2021/06/22 05:00:00+00,5/3/2021,6/22/2021
446,446,HOU,2021/05/03 05:00:00+00,331820,151604,162341,2021/06/22 05:00:00+00,5/3/2021,6/22/2021
447,447,HCTX,2021/05/04 05:00:00+00,782100,571457,42950,2021/06/22 05:00:00+00,5/4/2021,6/22/2021
448,448,HOU,2021/05/04 05:00:00+00,331820,152415,162341,2021/06/22 05:00:00+00,5/4/2021,6/22/2021
449,449,HCTX,2021/05/05 05:00:00+00,782100,576879,43000,2021/06/22 05:00:00+00,5/5/2021,6/22/2021
450,450,HOU,2021/05/05 05:00:00+00,331820,153255,163271,2021/06/22 05:00:00+00,5/5/2021,6/22/2021
451,451,HCTX,2021/05/06 05:00:00+00,782100,581587,43000,2021/06/22 05:00:00+00,5/6/2021,6/22/2021
452,452,HOU,2021/05/06 05:00:00+00,331820,153768,163271,2021/06/22 05:00:00+00,5/6/2021,6/22/2021
453,453,HCTX,2021/05/07 05:00:00+00,782100,589739,43000,2021/06/22 05:00:00+00,5/7/2021,6/22/2021
454,454,HOU,2021/05/07 05:00:00+00,331820,154876,164201,2021/06/22 05:00:00+00,5/7/2021,6/22/2021
455,455,HCTX,2021/05/08 05:00:00+00,782100,593416,43000,2021/06/22 05:00:00+00,5/8/2021,6/22/2021
456,456,HOU,2021/05/08 05:00:00+00,331820,155514,164951,2021/06/22 05:00:00+00,5/8/2021,6/22/2021
457,457,HCTX,2021/05/09 05:00:00+00,782100,595954,43000,2021/06/22 05:00:00+00,5/9/2021,6/22/2021
458,458,HOU,2021/05/09 05:00:00+00,331820,155514,164951,2021/06/22 05:00:00+00,5/9/2021,6/22/2021
459,459,HCTX,2021/05/10 05:00:00+00,787100,599418,43000,2021/06/22 05:00:00+00,5/10/2021,6/22/2021
460,460,HOU,2021/05/10 05:00:00+00,344220,156009,165151,2021/06/22 05:00:00+00,5/10/2021,6/22/2021
461,461,HCTX,2021/05/11 05:00:00+00,787100,602655,43000,2021/06/22 05:00:00+00,5/11/2021,6/22/2021
462,462,HOU,2021/05/11 05:00:00+00,344220,156603,165151,2021/06/22 05:00:00+00,5/11/2021,6/22/2021
463,463,HCTX,2021/05/12 05:00:00+00,787100,607965,43000,2021/06/22 05:00:00+00,5/12/2021,6/22/2021
464,464,HOU,2021/05/12 05:00:00+00,344720,157142,165151,2021/06/22 05:00:00+00,5/12/2021,6/22/2021
465,465,HCTX,2021/05/13 05:00:00+00,787100,612194,43000,2021/06/22 05:00:00+00,5/13/2021,6/22/2021
466,466,HOU,2021/05/13 05:00:00+00,344720,157696,165471,2021/06/22 05:00:00+00,5/13/2021,6/22/2021
467,467,HCTX,2021/05/14 05:00:00+00,787100,618859,43000,2021/06/22 05:00:00+00,5/14/2021,6/22/2021
468,468,HOU,2021/05/14 05:00:00+00,345720,158462,166441,2021/06/22 05:00:00+00,5/14/2021,6/22/2021
469,469,HCTX,2021/05/15 05:00:00+00,787100,623646,43000,2021/06/22 05:00:00+00,5/15/2021,6/22/2021
470,470,HOU,2021/05/15 05:00:00+00,345720,159040,166836,2021/06/22 05:00:00+00,5/15/2021,6/22/2021
471,471,HCTX,2021/05/16 05:00:00+00,787100,625228,43000,2021/06/22 05:00:00+00,5/16/2021,6/22/2021
472,472,HOU,2021/05/16 05:00:00+00,345720,159040,166926,2021/06/22 05:00:00+00,5/16/2021,6/22/2021
473,473,HCTX,2021/05/17 05:00:00+00,787100,625831,43000,2021/06/22 05:00:00+00,5/17/2021,6/22/2021
474,474,HOU,2021/05/17 05:00:00+00,347520,159493,167426,2021/06/22 05:00:00+00,5/17/2021,6/22/2021
475,475,HCTX,2021/05/18 05:00:00+00,787100,628882,43000,2021/06/22 05:00:00+00,5/18/2021,6/22/2021
476,476,HOU,2021/05/18 05:00:00+00,347520,159899,168076,2021/06/22 05:00:00+00,5/18/2021,6/22/2021
477,477,HCTX,2021/05/19 05:00:00+00,787100,632019,68880,2021/06/22 05:00:00+00,5/19/2021,6/22/2021
478,478,HOU,2021/05/19 05:00:00+00,373400,160254,168156,2021/06/22 05:00:00+00,5/19/2021,6/22/2021
479,479,HCTX,2021/05/20 05:00:00+00,787100,635299,69080,2021/06/22 05:00:00+00,5/20/2021,6/22/2021
480,480,HOU,2021/05/20 05:00:00+00,373400,160687,169506,2021/06/22 05:00:00+00,5/20/2021,6/22/2021
481,481,HCTX,2021/05/21 05:00:00+00,787100,637899,69080,2021/06/22 05:00:00+00,5/21/2021,6/22/2021
482,482,HOU,2021/05/21 05:00:00+00,373400,161174,173306,2021/06/22 05:00:00+00,5/21/2021,6/22/2021
483,483,HCTX,2021/05/22 05:00:00+00,787100,641151,69080,2021/06/22 05:00:00+00,5/22/2021,6/22/2021
484,484,HOU,2021/05/22 05:00:00+00,373400,161521,175486,2021/06/22 05:00:00+00,5/22/2021,6/22/2021
485,485,HCTX,2021/05/23 05:00:00+00,787100,643438,69080,2021/06/22 05:00:00+00,5/23/2021,6/22/2021
486,486,HOU,2021/05/23 05:00:00+00,373400,161536,175486,2021/06/22 05:00:00+00,5/23/2021,6/22/2021
487,487,HCTX,2021/05/24 05:00:00+00,787100,643985,69110,2021/06/22 05:00:00+00,5/24/2021,6/22/2021
488,488,HOU,2021/05/24 05:00:00+00,373400,161838,175496,2021/06/22 05:00:00+00,5/24/2021,6/22/2021
489,489,HCTX,2021/05/25 05:00:00+00,787100,646324,69110,2021/06/22 05:00:00+00,5/25/2021,6/22/2021
490,490,HOU,2021/05/25 05:00:00+00,373400,162127,176096,2021/06/22 05:00:00+00,5/25/2021,6/22/2021
491,491,HCTX,2021/05/26 05:00:00+00,787100,648213,69110,2021/06/22 05:00:00+00,5/26/2021,6/22/2021
492,492,HOU,2021/05/26 05:00:00+00,373400,162453,176456,2021/06/22 05:00:00+00,5/26/2021,6/22/2021
493,493,HCTX,2021/05/27 05:00:00+00,787100,650229,69110,2021/06/22 05:00:00+00,5/27/2021,6/22/2021
494,494,HOU,2021/05/27 05:00:00+00,376900,162844,177686,2021/06/22 05:00:00+00,5/27/2021,6/22/2021
495,495,HCTX,2021/05/28 05:00:00+00,787100,652449,69110,2021/06/22 05:00:00+00,5/28/2021,6/22/2021
496,496,HOU,2021/05/28 05:00:00+00,376900,163236,177736,2021/06/22 05:00:00+00,5/28/2021,6/22/2021
497,497,HCTX,2021/05/29 05:00:00+00,787100,654206,69110,2021/06/22 05:00:00+00,5/29/2021,6/22/2021
498,498,HOU,2021/05/29 05:00:00+00,376900,163360,177884,2021/06/22 05:00:00+00,5/29/2021,6/22/2021
499,499,HCTX,2021/05/30 05:00:00+00,787100,655248,69110,2021/06/22 05:00:00+00,5/30/2021,6/22/2021
500,500,HOU,2021/05/30 05:00:00+00,376900,163371,177884,2021/06/22 05:00:00+00,5/30/2021,6/22/2021
501,501,HCTX,2021/05/31 05:00:00+00,787100,655248,69110,2021/06/22 05:00:00+00,5/31/2021,6/22/2021
502,502,HOU,2021/05/31 05:00:00+00,376900,163371,177884,2021/06/22 05:00:00+00,5/31/2021,6/22/2021
503,503,HCTX,2021/06/01 05:00:00+00,787100,656549,69110,2021/06/22 05:00:00+00,6/1/2021,6/22/2021
504,504,HOU,2021/06/01 05:00:00+00,376900,163751,179188,2021/06/22 05:00:00+00,6/1/2021,6/22/2021
505,505,HCTX,2021/06/02 05:00:00+00,787100,657766,69310,2021/06/22 05:00:00+00,6/2/2021,6/22/2021
506,506,HOU,2021/06/02 05:00:00+00,376900,163983,180362,2021/06/22 05:00:00+00,6/2/2021,6/22/2021
507,507,HCTX,2021/06/03 05:00:00+00,787100,659467,69310,2021/06/22 05:00:00+00,6/3/2021,6/22/2021
508,508,HOU,2021/06/03 05:00:00+00,376910,164184,182122,2021/06/22 05:00:00+00,6/3/2021,6/22/2021
509,509,HCTX,2021/06/04 05:00:00+00,787100,661241,69370,2021/06/22 05:00:00+00,6/4/2021,6/22/2021
510,510,HOU,2021/06/04 05:00:00+00,379250,164422,182442,2021/06/22 05:00:00+00,6/4/2021,6/22/2021
511,511,HCTX,2021/06/05 05:00:00+00,787100,663470,69370,2021/06/22 05:00:00+00,6/5/2021,6/22/2021
512,512,HOU,2021/06/05 05:00:00+00,379250,164532,182550,2021/06/22 05:00:00+00,6/5/2021,6/22/2021
513,513,HCTX,2021/06/06 05:00:00+00,787100,664684,69370,2021/06/22 05:00:00+00,6/6/2021,6/22/2021
514,514,HOU,2021/06/06 05:00:00+00,379250,164581,182550,2021/06/22 05:00:00+00,6/6/2021,6/22/2021
515,515,HCTX,2021/06/07 05:00:00+00,787100,665095,69410,2021/06/22 05:00:00+00,6/7/2021,6/22/2021
516,516,HOU,2021/06/07 05:00:00+00,379250,164726,184754,2021/06/22 05:00:00+00,6/7/2021,6/22/2021
517,517,HCTX,2021/06/08 05:00:00+00,787100,666537,69410,2021/06/22 05:00:00+00,6/8/2021,6/22/2021
518,518,HOU,2021/06/08 05:00:00+00,379250,164889,186426,2021/06/22 05:00:00+00,6/8/2021,6/22/2021
519,519,HCTX,2021/06/09 05:00:00+00,803480,667783,70370,2021/06/22 05:00:00+00,6/9/2021,6/22/2021
520,520,HOU,2021/06/09 05:00:00+00,379250,165020,187142,2021/06/22 05:00:00+00,6/9/2021,6/22/2021
521,521,HCTX,2021/06/10 05:00:00+00,803480,669134,70370,2021/06/22 05:00:00+00,6/10/2021,6/22/2021
522,522,HOU,2021/06/10 05:00:00+00,379250,165146,188683,2021/06/22 05:00:00+00,6/10/2021,6/22/2021
523,523,HCTX,2021/06/11 05:00:00+00,803480,670376,70370,2021/06/22 05:00:00+00,6/11/2021,6/22/2021
524,524,HOU,2021/06/11 05:00:00+00,379250,165342,193683,2021/06/22 05:00:00+00,6/11/2021,6/22/2021
525,525,HCTX,2021/06/12 05:00:00+00,803480,671775,70370,2021/06/22 05:00:00+00,6/12/2021,6/22/2021
526,526,HOU,2021/06/12 05:00:00+00,379250,165522,193723,2021/06/22 05:00:00+00,6/12/2021,6/22/2021
527,527,HCTX,2021/06/13 05:00:00+00,803480,672928,70370,2021/06/22 05:00:00+00,6/13/2021,6/22/2021
528,528,HOU,2021/06/13 05:00:00+00,379250,165534,193723,2021/06/22 05:00:00+00,6/13/2021,6/22/2021
529,529,HCTX,2021/06/14 05:00:00+00,803480,673034,70370,2021/06/22 05:00:00+00,6/14/2021,6/22/2021
530,530,HOU,2021/06/14 05:00:00+00,379250,165654,193723,2021/06/22 05:00:00+00,6/14/2021,6/22/2021
531,531,HCTX,2021/06/15 05:00:00+00,803480,673783,70370,2021/06/22 05:00:00+00,6/15/2021,6/22/2021
532,532,HOU,2021/06/15 05:00:00+00,379250,165654,193723,2021/06/22 05:00:00+00,6/15/2021,6/22/2021
,,,,,,,,,
,,,,,,,,,
,,,,,,,,,
,,,,,,,,,
,,,,,,,,,
,,,,,,,,,
,,,,,,,,,
,,,,,,,,,
,,,,,,,,,
,,,,,,,,,
,,,,,,,,,
,,,,,,,,,
,,,,,,,,,
,,,,,,,,,
